Identifier,Polymer EntityData,,,,,,,,,
Entry ID,Entity ID,Asym ID,Auth Asym ID,Database Name,Accession Code(s),Sequence,Polymer Entity Sequence Length,Entity Macromolecule Type,Molecular Weight (Entity),
"1A22","1","A","A","UniProt","P01241","FPTIPLSRLFDNAMLRAHRLHQLAFDTYQEFEEAYIPKEQKYSFLQNPQTSLCFSESIPTPSNREETQQKSNLELLRISLLLIQSWLEPVQFLRSVFANSLVYGASDSNVYDLLKDLEERIQTLMGRLEDGSPRTGQIFKQTYSKFDTNSHNDDALLKNYGLLYCFRKDMDKVETFLRIVQCRSVEGSCGF",191,"polypeptide(L)",22.252
,"2","B","B","UniProt","P10912","FSGSEATAAILSRAPWSLQSVNPGLKTNSSKEPKFTKCRSPERETFSCHWTDEVHHGTKNLGPIQLFYTRRNTQEWTQEWKECPDYVSAGENSCYFNSSFTSIWIPYCIKLTSNGGTVDEKCFSVDEIVQPDPPIALNWTLLNVSLTGIHADIQVRWEAPRNADIQKGWMVLEYELQYKEVNETKWKMMDPILTTSVPVYSLKVDKEYEVRVRSKQRNSGNYGEFSEVLYVTLPQMSQ",238,"polypeptide(L)",27.41
"1A4Y","1","A, C","A, D","UniProt","P13489","SLDIQSLDIQCEELSDARWAELLPLLQQCQVVRLDDCGLTEARCKDISSALRVNPALAELNLRSNELGDVGVHCVLQGLQTPSCKIQKLSLQNCCLTGAGCGVLSSTLRTLPTLQELHLSDNLLGDAGLQLLCEGLLDPQCRLEKLQLEYCSLSAASCEPLASVLRAKPDFKELTVSNNDINEAGVRVLCQGLKDSPCQLEALKLESCGVTSDNCRDLCGIVASKASLRELALGSNKLGDVGMAELCPGLLHPSSRLRTLWIWECGITAKGCGDLCRVLRAKESLKELSLAGNELGDEGARLLCETLLEPGCQLESLWVKSCSFTAACCSHFSSVLAQNRFLLELQISNNRLEDAGVRELCQGLGQPGSVLRVLWLADCDVSDSSCSSLAATLLANHSLRELDLSNNCLGDAGILQLVESVRQPGCLLEQLVLYDIYWSEEMEDRLQALEKDKPSLRVIS",460,"polypeptide(L)",49.887
,"2","B, D","B, E","UniProt","P03950","QDNSRYTHFLTQHYDAKPQGRDDRYCESIMRRRGLTSPCKDINTFIHGNKRSIKAICENKNGNPHRENLRISKSSFQVTTCKLHGGSPWPPCQYRATAGFRNVVVACENGLPVHLDQSIFRRP",123,"polypeptide(L)",14.169
"1AHW","1","A, D","A, D","UniProt","P01837","DIKMTQSPSSMYASLGERVTITCKASQDIRKYLNWYQQKPWKSPKTLIYYATSLADGVPSRFSGSGSGQDYSLTISSLESDDTATYYCLQHGESPYTFGGGTKLEINRADAAPTVSIFPPSSEQLTSGGASVVCFLNNFYPKDINVKWKIDGSERQNGVLNSWTDQDSKDSTYSMSSTLTLTKDEYERHNSYTCEATHKTSTSPIVKSFNRNEC",214,"polypeptide(L)",23.81
,"2","B, E","B, E","UniProt","X5J519","EIQLQQSGAELVRPGALVKLSCKASGFNIKDYYMHWVKQRPEQGLEWIGLIDPENGNTIYDPKFQGKASITADTSSNTAYLQLSSLTSEDTAVYYCARDNSYYFDYWGQGTTLTVSSAKTTPPSVYPLAPGSAAQTNSMVTLGCLVKGYFPEPVTVTWNSGSLSSGVHTFPAVLQSDLYTLSSSVTVPSSTWPSETVTCNVAHPASSTKVDKKI",214,"polypeptide(L)",23.176
,"3","C, F","C, F","UniProt","P13726","SGTTNTVAAYNLTWKSTNFKTILEWEPKPVNQVYTVQISTKSGDWKSKCFYTTDTECDLTDEIVKDVKQTYLARVFSYPAGNVESTGSAGEPLYENSPEFTPYLETNLGQPTIQSFEQVGTKVNVTVEDERTLVRRNNTFLSLRDVFGKDLIYTLYYWKSSSSGKKTAKTNTNEFLIDVDKGENYCFSVQAVIPSRTVNRKSTDSPVECMGQEKGEFRE",219,"polypeptide(L)",24.827
"1AK4","1","A, B","A, B","UniProt","P62937","MVNPTVFFDIAVDGEPLGRVSFELFADKVPKTAENFRALSTGEKGFGYKGSCFHRIIPGFMCQGGDFTRHNGTGGKSIYGEKFEDENFILKHTGPGILSMANAGPNTNGSQFFICTAKTEWLDGKHVVFGKVKEGMNIVEAMERFGSRNGKTSKKITIADCGQLE",165,"polypeptide(L)",18.037
,"2","C, D","C, D","UniProt","P12497","PIVQNLQGQMVHQAISPRTLNAWVKVVEEKAFSPEVIPMFSALSEGATPQDLNTMLNTVGGHQAAMQMLKETINEEAAEWDRLHPVHAGPIAPGQMREPRGSDIAGTTSTLQEQIGWMTHNPPIPVGEIYKRWIILGLNKIVRMY",145,"polypeptide(L)",16.117
"1AO7","1","A","A","UniProt","P04439","GSHSMRYFFTSVSRPGRGEPRFIAVGYVDDTQFVRFDSDAASQRMEPRAPWIEQEGPEYWDGETRKVKAHSQTHRVDLGTLRGYYNQSEAGSHTVQRMYGCDVGSDWRFLRGYHQYAYDGKDYIALKEDLRSWTAADMAAQTTKHKWEAAHVAEQLRAYLEGTCVEWLRRYLENGKETLQRTDAPKTHMTHHAVSDHEATLRCWALSFYPAEITLTWQRDGEDQTQDTELVETRPAGDGTFQKWAAVVVPSGQEQRYTCHVQHEGLPKPLTLRWE",275,"polypeptide(L)",31.854
,"2","B","B","UniProt","P61769","MIQRTPKIQVYSRHPAENGKSNFLNCYVSGFHPSDIEVDLLKNGERIEKVEHSDLSFSKDWSFYLLYCTEFTPTEKDEYACRVNHVTLSQPCIVKWDRDM",100,"polypeptide(L)",11.793
,"3","C","C","UniProt","P14079","LLFGYPVYV",9,"polypeptide(L)",1.07
,"4","D","D","UniProt","A0A075B6T6","KEVEQNSGPLSVPEGAIASLNCTYSDRGSQSFFWYRQYSGKSPELIMSIYSNGDKEDGRFTAQLNKASQYVSLLIRDSQPSDSATYLCAVTTDSWGKLQFGAGTQVVVTPDIQNPDPAVYQLRDSKSSDKSVCLFTDFDSQTNVSQSKDSDVYITDKTVLDMRSMDFKSNSAVAWSNKSDFACANAFNNSIIPEDTFFPSPESS",204,"polypeptide(L)",22.489
,,,,"UniProt","P01848"
,"5","E","E","UniProt","A0A0K0K1A5","NAGVTQTPKFQVLKTGQSMTLQCAQDMNHEYMSWYRQDPGMGLRLIHYSVGAGITDQGEVPNGYNVSRSTTEDFPLRLLSAAPSQTSVYFCASRPGLAGGRPEQYFGPGTRLTVTEDLKNVFPPEVAVFEPSEAEISHTQKATLVCLATGFYPDHVELSWWVNGKEVHSGVSTDPQPLKEQPALNDSRYALSSRLRVSATFWQNPRNHFRCQVQFYGLSENDEWTQDRAKPVTQIVSAEAWGRAD",245,"polypeptide(L)",27.36
,,,,"UniProt","A0A5B9"
"1BD2","1","A","A","UniProt","P04439","GSHSMRYFFTSVSRPGRGEPRFIAVGYVDDTQFVRFDSDAASQRMEPRAPWIEQEGPEYWDGETRKVKAHSQTHRVDLGTLRGYYNQSEAGSHTVQRMYGCDVGSDWRFLRGYHQYAYDGKDYIALKEDLRSWTAADMAAQTTKHKWEAAHVAEQLRAYLEGTCVEWLRRYLENGKETLQRTDAPKTHMTHHAVSDHEATLRCWALSFYPAEITLTWQRDGEDQTQDTELVETRPAGDGTFQKWAAVVVPSGQEQRYTCHVQHEGLPKPLTLRWE",275,"polypeptide(L)",31.854
,"2","B","B","UniProt","P61769","MIQRTPKIQVYSRHPAENGKSNFLNCYVSGFHPSDIEVDLLKNGERIEKVEHSDLSFSKDWSFYLLYYTEFTPTEKDEYACRVNHVTLSQPKIVKWDRDM",100,"polypeptide(L)",11.879
,"3","C","C","UniProt","P14079","LLFGYPVYV",9,"polypeptide(L)",1.07
,"4","D","D","UniProt","P04437","QQVKQNSPSLSVQEGRISILNCDYTNSMFDYFLWYKKYPAEGPTFLISISSIKDKNADGRFTVFLNKSAKHLSLHIVPSQPGDSAVYFCAAMEGAQKLVFGQGTRLTINPNIQNPDPAVYQLRDSKSSDKSVCLFTDFDSQTNVSQSKDSDVYITDKTVLDMRSMDFKSNSAVAWSNKSDFACANAFNNSIIPEDTFFPSPESS",204,"polypeptide(L)",22.73
,,,,"UniProt","P01848"
,"5","E","E","UniProt","A0A0K0K1A5","NAGVTQTPKFQVLKTGQSMTLQCAQDMNHEYMSWYRQDPGMGLRLIHYSVGAGITDQGEVPNGYNVSRSTTEDFPLRLLSAAPSQTSVYFCASSYPGGGFYEQYFGPGTRLTVTEDLKNVFPPEVAVFEPSEAEISHTQKATLVCLATGFYPDHVELSWWVNGKEVHSGVSTDPQPLKEQPALNDSRYALSSRLRVSATFWQDPRNHFRCQVQFYGLSENDEWTQDRAKPVTQIVSAEAWGRAD",244,"polypeptide(L)",27.326
,,,,"UniProt","A0A5B9"
"1BJ1","1","A, E","J, L",,,"DIQMTQSPSSLSASVGDRVTITCSASQDISNYLNWYQQKPGKAPKVLIYFTSSLHSGVPSRFSGSGSGTDFTLTISSLQPEDFATYYCQQYSTVPWTFGQGTKVEIKRTVAAPSVFIFPPSDEQLKSGTASVVCLLNNFYPREAKVQWKVDNALQSGNSQESVTEQDSKDSTYSLSSTLTLSKADYEKHKVYACEVTHQGLSSPVTKSFNRGEC",214,"polypeptide(L)",23.472
,"2","B, F","H, K",,,"EVQLVESGGGLVQPGGSLRLSCAASGYTFTNYGMNWVRQAPGKGLEWVGWINTYTGEPTYAADFKRRFTFSLDTSKSTAYLQMNSLRAEDTAVYYCAKYPHYYGSSHWYFDVWGQGTLVTVSSASTKGPSVFPLAPSSKSTSGGTAALGCLVKDYFPEPVTVSWNSGALTSGVHTFPAVLQSSGLYSLSSVVTVPSSSLGTQTYICNVNHKPSNTKVDKKVEPKSCDKTHT",231,"polypeptide(L)",24.891
,"3","C, D","V, W","UniProt","P15692","GQNHHEVVKFMDVYQRSYCHPIETLVDIFQEYPDEIEYIFKPSCVPLMRCGGCCNDEGLECVPTEESNITMQIMRIKPHQGQHIGEMSFLQHNKCECRPKKD",102,"polypeptide(L)",11.949
"1BP3","1","A","A","UniProt","P01241","FPTIPLSRLFDNAMLRAHRLHQLAFDTYQEFEEAYIPKEQKYSFLQNPQTSLCFSESIPTPSNREETQQKSNLELLRISLLLIQSWLEPVQFLRSVFANSLVYGASDSNVYDLLKDLEERIQTLMGRLEDGSPRTGQIFKQTYSKFDTNSHNDDALLKNYGLLYCFRKDMDKVETFLRIVQCRSVEGSCGF",191,"polypeptide(L)",22.252
,"2","B","B","UniProt","P16471","QLPPGKPEIFKCRSPNKETFTCWWRPGTDGGLPTNYSLTYHREGETLMHECPDYITGGPNSCHFGKQYTSMWRTYIMMVNATNQMGSSFSDELYVDVTYIVQPDPPLELAVEVKQPEDRKPYLWIKWSPPTLIDLKTGWFTLLYEIRLKPEKAAEWEIHFAGQQTEFKILSLHPGQKYLVQVRCKPDHGYWSAWSPATFIQIPSDFTMNDT",211,"polypeptide(L)",24.544
"1BRS","1","A, B, C","A, B, C","UniProt","P00648","AQVINTFDGVADYLQTYHKLPDNYITKSEAQALGWVASKGNLADVAPGKSIGGDIFSNREGKLPGKSGRTWREADINYTSGFRNSDRILYSSDWLIYKTTDHYQTFTKIR",110,"polypeptide(L)",12.399
,"2","D, E, F","D, E, F","UniProt","P11540","KKAVINGEQIRSISDLHQTLKKELALPEYYGENLDALWDALTGWVEYPLVLEWRQFEQSKQLTENGAESVLQVFREAKAEGADITIILS",89,"polypeptide(L)",10.157
"1C1Y","1","A","A","UniProt","P62834","MREYKLVVLGSGGVGKSALTVQFVQGIFVEKYDPTIEDSYRKQVEVDCQQCMLEILDTAGTEQFTAMRDLYMKNGQGFALVYSITAQSTFNDLQDLREQILRVKDTEDVPMILVGNKCDLEDERVVGKEQGQNLARQWCNCAFLESSAKSKINVNEIFYDLVRQINR",167,"polypeptide(L)",19.056
,"2","B","B","UniProt","P04049","SNTIRVFLPNKQRTVVNVRNGMSLHDCLMKALKVRGLQPECCAVFRLLHEHKGKKARLDWNTDAASLIGEELQVDFL",77,"polypeptide(L)",8.789
"1C4Z","1","A, B, C","A, B, C","UniProt","Q05086","QLNPYLRLKVRRDHIIDDALVRLEMIAMENPADLKKQLYVEFEGEQGVDEGGVSKEFFQLVVEEIFNPDIGMFTYDESTKLFWFNPSSFETEGQFTLIGIVLGLAIYNNCILDVHFPMVVYRKLMGKKGTFRDLGDSHPVLYQSLKDLLEYEGNVEDDMMITFQISQTDLFGNPMMYDLKENGDKIPITNENRKEFVNLYSDYILNKSVEKQFKAFRRGFHMVTNESPLKYLFRPEEIELLICGSRNLDFQALEETTEYDGGYTRDSVLIREFWEIVHSFTDEQKRLFLQFTTGTDRAPVGGLGKLKMIIAKNGPDTERLPTSHTCFNVLLLPEYSSKEKLKERLLKAITYAKGFGML",358,"polypeptide(L)",41.54
,"2","D","D","UniProt","P68036","MAASRRLMKELEEIRKCGMKNFRNIQVDEANLLTWQGLIVPDNPPYDKGAFRIEINFPAEYPFKPPKITFKTKIYHPNIDEKGQVCLPVISAENWKPATKTDQVIQSLIALVNDPQPEHPLRADLAEEYSKDRKKFCKNAEEFTKKYGEKRPVD",154,"polypeptide(L)",17.89
"1CBW","2","B, F","B, G","UniProt","P00766","IVNGEEAVPGSWPWQVSLQDKTGFHFCGGSLINENWVVTAAHCGVTTSDVVVAGEFDQGSSSEKIQKLKIAKVFKNSKYNSLTINNDITLLKLSTAASFSQTVSAVCLPSASDDFAAGTTCVTTGWGLTRY",131,"polypeptide(L)",13.935
,"4","D, H","D, I","UniProt","P00974","RPDFCLEPPYTGPCKARIIRYFYNAKAGLCQTFVYGGCRAKRNNFKSAEDCMRTCGGA",58,"polypeptide(L)",6.528
,"1","A, E","A, F","UniProt","P00766","CGVPAIQPVLSGL",13,"polypeptide(L)",1.254
,"3","C, G","C, H","UniProt","P00766","ANTPDRLQQASLPLLSNTNCKKYWGTKIKDAMICAGASGVSSCMGDSGGPLVCKKNGAWTLVGIVSWGSSTCSTSTPGVYARVTALVNWVQQTLAAN",97,"polypeptide(L)",10.074
"1CHO","1","A","E","UniProt","P00766","CGVPAIQPVLSGL",13,"polypeptide(L)",1.254
,"2","B","F","UniProt","P00766","IVNGEEAVPGSWPWQVSLQDKTGFHFCGGSLINENWVVTAAHCGVTTSDVVVAGEFDQGSSSEKIQKLKIAKVFKNSKYNSLTINNDITLLKLSTAASFSQTVSAVCLPSASDDFAAGTTCVTTGWGLTRY",131,"polypeptide(L)",13.935
,"3","C","G","UniProt","P00766","ANTPDRLQQASLPLLSNTNCKKYWGTKIKDAMICAGASGVSSCMGDSGGPLVCKKNGAWTLVGIVSWGSSTCSTSTPGVYARVTALVNWVQQTLAAN",97,"polypeptide(L)",10.074
,"4","D","I","UniProt","P68390","LAAVSVDCSEYPKPACTLEYRPLCGSDNKTYGNKCNFCNAVVESNGTLTLSHFGKC",56,"polypeptide(L)",6.027
"1DAN","1","A","L","UniProt","P08709","ANAFLEELRPGSLERECKEEQCSFEEAREIFKDAERTKLFWISYSDGDQCASSPCQNGGSCKDQLQSYICFCLPAFEGRNCETHKDDQLICVNENGGCEQYCSDHTGTKRSCRCHEGYSLLADGVSCTPTVEYPCGKIPILEKRNASKPQGR",152,"polypeptide(L)",17.487
,"2","B","H","UniProt","P08709","IVGGKVCPKGECPWQVLLLVNGAQLCGGTLINTIWVVSAAHCFDKIKNWRNLIAVLGEHDLSEHDGDEQSRRVAQVIIPSTYVPGTTNHDIALLRLHQPVVLTDHVVPLCLPERTFSERTLAFVRFSLVSGWGQLLDRGATALELMVLNVPRLMTQDCLQQSRKVGDSPNITEYMFCAGYSDGSKDSCKGDSGGPHATHYRGTWYLTGIVSWGQGCATVGHFGVYTRVSQYIEWLQKLMRSEPRPGVLLRAPFP",254,"polypeptide(L)",28.103
,"3","C","T","UniProt","P13726","NTVAAYNLTWKSTNFKTILEWEPKPVNQVYTVQISTKSGDWKSKCFYTTDTECDLTDEIVKDVKQTYLARVFSYPAGNVE",80,"polypeptide(L)",9.229
,"4","D","U","UniProt","P13726","GEPLYENSPEFTPYLETNLGQPTIQSFEQVGTKVNVTVEDERTLVRRNNTFLSLRDVFGKDLIYTLYYWKSSSSGKKTAKTNTNEFLIDVDKGENYCFSVQAVIPSRTVNRKSTDSPVECM",121,"polypeptide(L)",13.802
"1DQJ","1","A","A","UniProt","P01837","DIVLTQSPATLSVTPGDSVSLSCRASQSISNNLHWYQQKSHESPRLLIKYASQSISGIPSRFSGSGSGTDFTLSINSVETEDFGMYFCQQSNSWPYTFGGGTKLEIKRADAAPTVSIFPPSSEQLTSGGASVVCFLNNFYPKDINVKWKIDGSERQNGVLNSWTDQDSKDSTYSMSSTLTLTKDEYERHNSYTCEATHKTSTSPIVKSFNRNEC",214,"polypeptide(L)",23.584
,"2","B","B","UniProt","P01865","EVQLQESGPSLVKPSQTLSLTCSVTGDSVTSDYWSWIRKFPGNKLEYMGYISYSGSTYYHPSLKSRISITRDTSKNQYYLQLNSVTTEDTATYYCASWGGDVWGAGTTVTVSSAKTTAPSVYPLAPVCGDTTGSSVTLGCLVKGYFPEPVTLTWNSGSLSSGVHTFPAVLQSDLYTLSSSVTVTSSTWPSQSITCNVAHPASSTKVDKKI",210,"polypeptide(L)",22.556
,"3","C","C","UniProt","P00698","KVFGRCELAAAMKRHGLDNYRGYSLGNWVCAAKFESNFNTQATNRNTDGSTDYGILQINSRWWCNDGRTPGSRNLCNIPCSALLSSDITASVNCAKKIVSDGNGMNAWVAWRNRCKGTDVQAWIRGCRL",129,"polypeptide(L)",14.331
"1DVF","1","A","A","UniProt","P01635","DIVLTQSPASLSASVGETVTITCRASGNIHNYLAWYQQKQGKSPQLLVYYTTTLADGVPSRFSGSGSGTQYSLKINSLQPEDFGSYYCQHFWSTPRTFGGGTKLEIKR",108,"polypeptide(L)",11.858
,"2","B","B","UniProt","P01820","QVQLQESGPGLVAPSQSLSITCTVSGFSLTGYGVNWVRQPPGKGLEWLGMIWGDGNTDYNSALKSRLSISKDNSKSQVFLKMNSLHTDDTARYYCARERDYRLDYWGQGTTLTVSS",116,"polypeptide(L)",12.857
,"3","C","C","UniProt","P01646","DIQLTQSPSSLSASLGDRVTISCRASQDISNYLNWYQQKPDGTVKLLIYYTSRLHSGVPSRFSGSGSGTDYSLTISNLEQEDIATYFCQQGNTLPWTFGGGTKLEIK",107,"polypeptide(L)",11.771
,"4","D","D","UniProt","A0NA69","QVQLQQSGTELVKSGASVKLSCTASGFNIKDTHMNWVKQRPEQGLEWIGRIDPANGNIQYDPKFRGKATITADTSSNTAYLQLSSLTSEDTAVYYCATKVIYYQGRGAMDYWGQGTTLTVS",121,"polypeptide(L)",13.321
"1E50","1","A, C, E, G, I, J","A, C, E, G, Q, R","UniProt","Q01196","SMVEVLADHPGELVRTDSPNFLCSVLPTHWRCNKTLPIAFKVVALGDVPDGTLVTVMAGNDENYSAELRNATAAMKNQVARFNDLRFVGRSGRGKSFTLTITVFTNPPQVATYHRAIKITVDGPREPRRHRQKL",134,"polypeptide(L)",14.909
,"2","B, D, F, H","B, D, F, H","UniProt","Q13951","PRVVPDQRSKFENEEFFRKLSRECEIKYTGFRDRPHEERQARFQNACRDGRSEIAFVATGTNLSLQFFPASWQGEQRQTPSREYVDLEREAGKVYLKAPMILNGVCVIWKGWIDLQRLDGMGCLEFDEERAQQE",134,"polypeptide(L)",15.816
"1EAW","1","A, C","A, C","UniProt","Q9Y5Y6","VVGGTDADEGEWPWQVSLHALGQGHICGASLISPNWLVSAAHCYIDDRGFRYSDPTQWTAFLGLHDQSQRSAPGVQERRLKRIISHPFFNDFTFDYDIALLELEKPAEYSSMVRPICLPDASHVFPAGKAIWVTGWGHTQYGGTGALILQKGEIRVINQTTCENLLPQQITPRMMCVGFLSGGVDSCQGDSGGPLSSVEADGRIFQAGVVSWGDGCAQRNKPGVYTRLPLFRDWIKENTGV",241,"polypeptide(L)",26.464
,"2","B, D","B, D","UniProt","P00974","RPDFCLEPPYTGPCKARIIRYFYNAKAGLCQTFVYGGCRAKRNNFKSAEDCMRTCGGA",58,"polypeptide(L)",6.528
"1EMV","1","A","A","UniProt","P13479","MELKHSISDYTEAEFLQLVTTICNADTSSEEELVKLVTHFEEMTEHPSGSDLIYYPKEGDDDSPSGIVNTVKQWRAANGKSGFKQG",86,"polypeptide(L)",9.592
,"2","B","B","UniProt","P09883","MESKRNKPGKATGKGKPVGDKWLDDAGKDSGAPIPDRIADKLRDKEFKSFDDFRKAVWEEVSKDPELSKNLNPSNKSSVSKGYSPFTPKNQQVGGRKVYELHHDKPISQGGEVYDMDNIRVTTPKRHIDIHRGK",134,"polypeptide(L)",15.12
"1F47","1","A","B","UniProt","P77173","MDKPKRKEAVIIMNVAAHHGSELNGELLLNSIQQAGFIFGDMNIYHRHLSPDGSGPALFSLANMVKPGTFDPEMKDFTTPGVTIFMQVPSYGDELQLFKLMLQSAQHIADEVGGVVLDDQRRMMTPQKLREYQDIIREVKDANA",144,"polypeptide(L)",16.134
,"2","B","A","UniProt","P0A9A6","KEPDYLDIPAFLRKQAD",17,"polypeptide(L)",2.022
"1FC2","1","A","C","UniProt","P38507","ADNKFNKEQQNAFYEILHLPNLNEEQRNGFIQSLKDDPSQSANLLAEAKKLNDAQXXK",58,"polypeptide(L)",6.608
,"2","B","D","UniProt","P01857","THTCPPCPAPELLGGPSVFLFPPKPKDTLMISRTPEVTCVVVDVSHEDPQVKFNWYVDGVQVHNAKTKPREQQYNSTYRVVSVLTVLHQNWLDGKEYKCKVSNKALPAPIEKTISKAKGQPREPQVYTLPPSREEMTKNQVSLTCLVKGFYPSDIAVEWESNGQPENNYKTTPPVLDSDGSFFLYSKLTVDKSRWQQGNVFSCSVMHEALHNHYTQKSLSLSPG",224,"polypeptide(L)",25.237
"1FCC","1","A, C","A, B","UniProt","P01857","PSVFLFPPKPKDTLMISRTPEVTCVVVDVSHEDPQVKFNWYVDGVQVHNAKTKPREQQYNSTYRVVSVLTVLHQNWLDGKEYKCKVSNKALPAPIEKTISKAKGQPREPQVYTLPPSREEMTKNQVSLTCLVKGFYPSDIAVEWESNGQPENNYKTTPPVLDSDGSFFLYSKLTVDKSRWQQGNVFSCSVMHEALHNHYTQKSLSL",206,"polypeptide(L)",23.52
,"2","B, D","C, D","UniProt","P19909","TTYKLVINGKTLKGETTTEAVDAATAEKVFKQYANDNGVDGEWTYDDATKTFTVTE",56,"polypeptide(L)",6.158
"1FFW","1","A, C","A, C","UniProt","P0AE67","ADKELKFLVVDDFSTMRRIVRNLLKELGFNNVEEAEDGVDALNKLQAGGYGFVISDWNMPNMDGLELLKTIRADGAMSALPVLMVTAEAKKENIIAAAQAGASGYVVKPFTAATLEEKLNKIFEKLGM",128,"polypeptide(L)",13.981
,"2","B, D","B, D","UniProt","P07363","RQLALEAKGETPSAVTRLSVVAKSEPQDEQSRSQSARRIILSRLKAGEVDLLEEELGHLTTLTDVVKGADSLSAILPGDIAEDDITAVLCFVIEADQITFETVEVSPKISTPPVLKLAAEQAPTGRVEREKTTR",134,"polypeptide(L)",14.479
"1GC1","4","D","H",,,"QVQLLESGAEVKKPGSSVKVSCKASGDTFIRYSFTWVRQAPGQGLEWMGRIITILDVAHYAPHLQGRVTITADKSTSTVYLELRNLRSDDTAVYFCAGVYEGEADEGEYDNNGFLKHWGQGTLVTVTSASTKGPSVFPLAPSSKSTSGGTAALGCLVKDYFPQPVTVSWNSGALTSGVHTFPAVLQSSGLYSLSSVVTVPSSSLGTQTYICNVNHKPSNTKVDKKVEPK",229,"polypeptide(L)",24.483
,"1","A","G","UniProt","P04578","GARSEVVLVNVTENFNMWKNDMVEQMHEDIISLWDQSLKPCVKLTPLCVGAGSCNTSVITQACPKVSFEPIPIHYCAPAGFAILKCNNKTFNGTGPCTNVSTVQCTHGIRPVVSTQLLLNGSLAEEEVVIRSVNFTDNAKTIIVQLNTSVEINCTGAGHCNISRAKWNNTLKQIASKLREQFGNNKTIIFKQSSGGDPEIVTHSFNCGGEFFYCNSTQLFNSTWFNSTWSTKGSNNTEGSDTITLPCRIKQIINMWQKVGKAMYAPPISGQIRCSSNITGLLLTRDGGNSNNESEIFRPGGGDMRDNWRSELYKYKVVKIE",321,"polypeptide(L)",35.429
,"2","B","C","UniProt","P01730","KKVVLGKKGDTVELTCTASQKKSIQFHWKNSNQIKILGNQGSFLTKGPSKLNDRADSRRSLWDQGNFPLIIKNLKIEDSDTYICEVEDQKEEVQLLVFGLTANSDTHLLQGQSLTLTLESPPGSSPSVQCRSPRGKNIQGGKTLSVSQLELQDSGTWTCTVLQNQKKVEFKIDIVVLAFQKASNT",185,"polypeptide(L)",20.503
,"3","C","L",,,"ELELTQSPATLSVSPGERATLSCRASESVSSDLAWYQQKPGQAPRLLIYGASTRATGVPARFSGSGSGAEFTLTISSLQSEDFAVYYCQQYNNWPPRYTFGQGTRLEIKRTVAAPSVFIFPPSDEQLKSGTASVVCLLNNFYPREAKVQWKVDNALQSGNSQESVTEQDSKDSTYSLSSTLTLSKADYEKHKVYACEVTHQGLSSPVTKSFNR",213,"polypeptide(L)",23.369
"1GCQ","1","A, B","A, B","UniProt","P62993","GSTYVQALFDFDPQEDGELGFRRGDFIHVMDNSDPNWWKGACHGQTGMFPRNYVTPVNRNV",61,"polypeptide(L)",6.999
,"2","C","C","UniProt","P27870","GSHMPKMEVFQEYYGIPPPPGAFGPFLRLNPGDIVELTKAEAEHNWWEGRNTATNEVGWFPCNRVHPYVH",70,"polypeptide(L)",8.03
"1GUA","1","A","A","UniProt","P62834","MREYKLVVLGSGGVGKSALTVQFVQGIFVDEYDPTIEDSYRKQVEVDCQQCMLEILDTAGTEQFTAMRDLYMKNGQGFALVYSITAQSTFNDLQDLREQILRVKDTEDVPMILVGNKCDLEDERVVGKEQGQNLARQWCNCAFLESSAKSKINVNEIFYDLVRQINR",167,"polypeptide(L)",19.042
,"2","B","B","UniProt","P04049","PSKTSNTIRVFLPNKQRTVVNVRNGMSLHDCLMKALKVRGLQPECCAVFRLLHEHKGKKARLDWNTDAASLIGEELQVDFL",81,"polypeptide(L)",9.204
"1H9D","1","A, C","A, C","UniProt","Q01196","SMVEVLADHPGELVRTDSPNFLCSVLPTHWRCNKTLPIAFKVVALGDVPDGTLVTVMAGNDENYSAELRNATAAMKNQVARFNDLRFVGRSGRGKSFTLTITVFTNPPQVATYHRAIKITVDGPREPRRHRQKL",134,"polypeptide(L)",14.909
,"2","B, D","B, D","UniProt","Q13951","PRVVPDQRSKFENEEFFRKLSRECEIKYTGFRDRPHEERQARFQNACRDGRSEIAFVATGTNLSLQFFPASWQGEQRQTPSREYVDLEREAGKVYLKAPMILNGVCVIWKGWIDLQRLDGMGCLEFDEERAQQE",134,"polypeptide(L)",15.816
,"3","E, G","E, G",,,"GTTGCGGTTG",10,"polydeoxyribonucleotide",3.107
,"4","F, H","F, H",,,"CAACCGCAAC",10,"polydeoxyribonucleotide",2.983
"1IAR","1","A","A","UniProt","P05112","HKCDITLQEIIKTLNSLTEQKTLCTELTVTDIFAASKNTTEKETFCRAATVLRQFYSHHEKDTRCLGATAQQFHRHKQLIRFLKRLDRNLWGLAGLNSCPVKEANQSTLENFLERLKTIMREKYSKCSS",129,"polypeptide(L)",14.989
,"2","B","B","UniProt","P24394","FKVLQEPTCVSDYMSISTCEWKMNGPTNCSTELRLLYQLVFLLSEAHTCIPENNGGAGCVCHLLMDDVVSADNYTLDLWAGQQLLWKGSFKPSEHVKPRAPGNLTVHTNVSDTLLLTWSNPYPPDNYLYNHLTYAVNIWSENDPADFRIYNVTYLEPSLRIAASTLKSGISYRARVRAWAQAYNTTWSEWSPSTKWHNSYREPFEQH",207,"polypeptide(L)",23.739
"1JRH","1","A","L","UniProt","P01837","SVEMTQSPSSFSVSLGDRVTITCKASEDIYNRLAWYQQKPGNAPRLLISGATSLETEVPSRFSGSGSGKDYTLSITSLQTEDVATYYCQQYWSTWTFGGGTKLEIKRADAAPTVSIFPPSSEQLTSGGASVVCFLNNFYPKDINVKWKIDGSERQNGVLNSWTDQDSKDSTYSMSSTLTLTKDEYERHNSYTCEATHKTSTSPIVKSFNRNEC",213,"polypeptide(L)",23.601
,"2","B","H","UniProt","P01869","AVKLQESGPGILKPSQTLSLTCSFSGFSLTTYGMGVGWIRQSSGKGLEWLAHIWWDDDKYYNPSLKSRLTISKDTSRNQVFLKITSVATADTATYYCARRAPFYGNHAMDYWGQGTTVTVSSAKTTPPSVYPLAPGSAAQTNSMVTLGCLVKGYFPEPVTVTWNSGSLSSGVHTFPAVLQSDLYTLSSSVTVPSSPRPSETVTCNVAHPASSTKVDKKI",219,"polypeptide(L)",23.571
,"3","C","I","UniProt","P15260","EMGTADLGPSSVPTPTNVTIESYNMNPIVYWEYQIMPQVPVFTVEVKNYGVKNSEWIDACINISHHYCNISDHVGDPSNSLWVRVKARVGQKESAYAKSEEFAVSRDG",108,"polypeptide(L)",12.106
"1JTD","1","A","A","UniProt","P62593","HPETLVKVKDAEDQLGARVGYIELDLNSGKILESFRPEERFPMMSTFKVLLCGAVLSRVDAGQEQLGRRIHYSQNDLVEYSPVTEKHLTDGMTVRELCSAAITMSDNTAANLLLTTIGGPKELTAFLHNMGDHVTRLDRWEPELNEAIPNDERDTTMPVAMATTLRKLLTGELLTLASRQQLIDWMEADKVAGPLLRSALPAGWFIADKSGAGERGSRGIIAALGPDGKPSRIVVIYTTGSQATMDERNRQIAEIGASLIKHW",263,"polypeptide(L)",28.97
,"2","B","B","UniProt","O87916","VAATSVVAWGGNNDWGEATVPAEAQSGVDAIAGGYFHGLALKGGKVLGWGANLNGQLTMPAATQSGVDAIAAGNYHSLALKDGEVIAWGGNEDGQTTVPAEARSGVDAIAAGAWASYALKDGKVIAWGDDSDGQTTVPAEAQSGVTALDGGVYTALAVKNGGVIAWGDNYFGQTTVPAEAQSGVDDVAGGIFHSLALKDGKVIAWGDNRYKQTTVPTEALSGVSAIASGEWYSLALKNGKVIAWGSSRTAPSSVQSGVSSIEAGPNAAYALKG",273,"polypeptide(L)",27.357
"1JTG","1","A, C","A, C","UniProt","P62593","HPETLVKVKDAEDQLGARVGYIELDLNSGKILESFRPEERFPMMSTFKVLLCGAVLSRIDAGQEQLGRRIHYSQNDLVEYSPVTEKHLTDGMTVRELCSAAITMSDNTAANLLLTTIGGPKELTAFLHNMGDHVTRLDRWEPELNEAIPNDERDTTMPVAMATTLRKLLTGELLTLASRQQLIDWMEADKVAGPLLRSALPAGWFIADKSGAGERGSRGIIAALGPDGKPSRIVVIYTTGSQATMDERNRQIAEIGASLIKHW",263,"polypeptide(L)",28.984
,"2","B, D","B, D","UniProt","P35804","AGVMTGAKFTQIQFGMTRQQVLDIAGAENCETGGSFGDSIHCRGHAAGDYYAYATFGFTSAAADAKVDSKSQEKLLAPSAPTLTLAKFNQVTVGMTRAQVLATVGQGSCTTWSEYYPAYPSTAGVTLSLSCFDVDGYSSTGFYRGSAHLWFTDGVLQGKRQWDLV",165,"polypeptide(L)",17.556
"1K8R","1","A","A","UniProt","P01112","MTEYKLVVVGAGGVGKSALTIQLIQNHFVDEYDPTIEDSYRKQVVIDGETCLLDILDTAGQEEYSAMRDQYMRTGEGFLCVFAINNTKSFEDIHQYREQIKRVKDSDDVPMVLVGNKCDLAARTVESRQAQDLARSYGIPYIETSAKTRQGVEDAFYTLVREIRQH",166,"polypeptide(L)",18.875
,"2","B","B","UniProt","P28829","CILRFIACNGQTRAVQSRGDYQKTLAIALKKFSLEDASKFIVCVSQSSRIKLITEEEFKQICFNSSSPERDRLIIVPKEKPCPSFEDLRRSWEIELAQPAALSSQSSLSP",110,"polypeptide(L)",12.426
"1KTZ","1","A","A","UniProt","P10600","ALDTNYCFRNLEENCCVRPLYIDFRQDLGWKWVHEPKGYYANFCSGPCPYLRSADTTHSTVLGLYNTLNPEASASPCCVPQDLEPLTILYYVGRTPKVEQLSNMVVKSCKCS",112,"polypeptide(L)",12.735
,"2","B","B","UniProt","P37173","VTDNNGAVKFPQLCKFCDVRFSTCDNQKSCMSNCSITSICEKPQEVCVAVWRKNDENITLETVCHDPKLPYHDFILEDAASPKCIMKEKKKPGETFFMCSCSSDECNDNIIFSEEYNTSNPD",122,"polypeptide(L)",13.854
"1LFD","1","A, C","A, C","UniProt","Q03386","GDCCIIRVSLDVDNGNMYKSILVTSQDKAPTVIRKAMDKHNLDEDEPEDYELLQIISEDHKLKIPENANVFYAMNSAANYDFILKKR",87,"polypeptide(L)",9.989
,"2","B, D","B, D","UniProt","P01112","MTEYKLVVVGAGGVGKSALTIQLIQNHFVDKYDPTIEDSYRKQVVIDGETCLLDILDTAGQEEYSAMRDQYMRTGEGFLCVFAINNTKSFEDIHQYREQIKRVKDSDDVPMVLVGNKCDLAARTVESRQAQDLARSYGIPYIETSAKTRQGVEDAFYTLVREIRQHK",167,"polypeptide(L)",19.004
"1LP9","1","A, F","A, H","UniProt","P04439","GSHSMRYFFTSVSRPGRGEPRFIAVGYVDDTQFVRFDSDAASQRMEPRAPWIEQEGPEYWDGETRKVKAHSQTHRVDLGTLRGYYNQSEAGSHTVQRMYGCDVGSDWRFLRGYHQYAYDGKDYIALKEDLRSWTAADMAAQTTKHKWEAAHVAEQLRAYLEGTCVEWLRRYLENGKETLQRTDAPKTHMTHHAVSDHEATLRCWALSFYPAEITLTWQRDGEDQTQDTELVETRPAGDGTFQKWAAVVVPSGQEQRYTCHVQHEGLPKPLTLRWE",275,"polypeptide(L)",31.854
,"2","B, G","B, I","UniProt","P61769","MIQRTPKIQVYSRHPAENGKSNFLNCYVSGFHPSDIEVDLLKNGERIEKVEHSDLSFSKDWSFYLLYYTEFTPTEKDEYACRVNHVTLSQPKIVKWDRDM",100,"polypeptide(L)",11.879
,"3","C, H","C, J","UniProt","Q9NPA0","ALWGFFPVL",9,"polypeptide(L)",1.049
,"4","D, I","E, L","UniProt","P01849","MDSVTQTEGLVTLTEGLPVMLNCTYQSTYSPFLFWYVQHLNEAPKLLLKSFTDNKRPEHQGFHATLHKSSSSFHLQKSSAQLSDSALYYCALFLASSSFSKLVFGQGTSLSVVPNIQNPEPAVYQLKDPRSQDSTLCLFTDFDSQINVPKTMESGTFITDKTVLDMKAMDSKSNGAIAWSNQTSFTCQDIFKET",194,"polypeptide(L)",21.656
,"5","E, J","F, M","UniProt","P04213","MEAAVTQSPRSKVAVTGGKVTLSCHQTNNHDYMYWYRQDTGHGLRLIHYSYVADSTEKGDIPDGYKASRPSQENFSLILELASLSQTAVYFCASSDWVSYEQYFGPGTRLTVLEDLRNVTPPKVSLFEPSKAEIANKQKATLVCLARGFFPDHVELSWWVNGKEVHSGVSTDPQAYKESNYSYALSSRLRVSATFWHNPRNHFRCQVQFHGLSEEDKWPEGSPKPVTQNISAEAWGRA",238,"polypeptide(L)",26.891
"1MHP","1","A, D","A, B","UniProt","P18614","TQLDIVIVLDGSNSIYPWESVIAFLNDLLKRMDIGPKQTQVGIVQYGENVTHEFNLNKYSSTEEVLVAANKIVQRGGRQTMTALGIDTARKEAFTEARGARRGVKKVMVIVTDGESHDNYRLKQVIQDCEDENIQRFSIAILGHYNRGNLSTEKFVEEIKSIASEPTEKHFFNVSDELALVTIVKALGERIF",192,"polypeptide(L)",21.63
,"2","B, E","H, X",,,"EVQLVESGGGLVQPGGSLRLSCAASGFTFSRYTMSWVRQAPGKGLEWVATISGGGHTYYLDSVKGRFTISRDNSKNTLYLQMNSLRAEDTAVYYCTRGFGDGGYFDVWGQGTLVTVSSASTKGPSVFPLAPSSKSTSGGTAALGCLVKDYFPEPVTVSWNSGALTSGVHTFPAVLQSSGLYSLSSVVTVPSSSLGTQTYICNVNHKPSNTKVDKKVEPK",219,"polypeptide(L)",23.142
,"3","C, F","L, Y",,,"IQLTQSPSSLSASVGDRVTITCSASSSVNHMFWYQQKPGKAPKPWIYLTSNLASGVPSRFSGSGSGTDYTLTISSLQPEDFATYYCQQWSGNPWTFGQGTKVEIKRTVAAPSVFIFPPSDEQLKSGTASVVCLLNNFYPREAKVQWKVDNALQSGNSQESVTEQDSKDSTYSLSSTLTLSKADYEKHKVYACEVTHQGLSSPVTKSFNRGEC",212,"polypeptide(L)",23.202
"1MI5","1","A","A","UniProt","P01889","GSHSMRYFDTAMSRPGRGEPRFISVGYVDDTQFVRFDSDAASPREEPRAPWIEQEGPEYWDRNTQIFKTNTQTDRESLRNLRGYYNQSEAGSHTLQSMYGCDVGPDGRLLRGHNQYAYDGKDYIALNEDLRSWTAADTAAQITQRKWEAARVAEQDRAYLEGTCVEWLRRYLENGKDTLERADPPKTHVTHHPISDHEATLRCWALGFYPAEITLTWQRDGEDQTQDTELVETRPAGDRTFQKWAAVVVPSGEEQRYTCHVQHEGLPKPLTLRWEPS",277,"polypeptide(L)",32.015
,"2","B","B","UniProt","P61769","IQRTPKIQVYSRHPAENGKSNFLNCYVSGFHPSDIEVDLLKNGERIEKVEHSDLSFSKDWSFYLLYYTEFTPTEKDEYACRVNHVTLSQPKIVKWDRDM",99,"polypeptide(L)",11.748
,"3","C","C","UniProt","Q3KST2","FLRGRAYGL",9,"polypeptide(L)",1.054
,"4","D","D","UniProt","P01848","KTTQPNSMESNEEEPVHLPCNHSTISGTDYIHWYRQLPSQGPEYVIHGLTSNVNNRMASLAIAEDRKSSTLILHRATLRDAAVYYCILPLAGGTSYGKLTFGQGTILTVHPNIQNPDPAVYQLRDSKSSDKSVCLFTDFDSQTNVSQSKDSDVYITDKTVLDMRSMDFKSNSAVAWSNKSDFACANAFNNSIIPEDTFFPS",201,"polypeptide(L)",22.318
,"5","E","E","UniProt","P01850","GVSQSPRYKVAKRGQDVALRCDPISGHVSLFWYQQALGQGPEFLTYFQNEAQLDKSGLPSDRFFAERPEGSVSTLKIQRTQQEDSAVYLCASSLGQAYEQYFGPGTRLTVTEDLKNVFPPEVAVFEPSEAEISHTQKATLVCLATGFYPDHVELSWWVNGKEVHSGVSTDPQPLKEQPALNDSRYALSSRLRVSATFWQNPRNHFRCQVQFYGLSENDEWTQDRAKPVTQIVSAEAWGRAD",241,"polypeptide(L)",27.153
"1MLC","1","A, C","A, C","UniProt","P01837","DIELTQSPATLSVTPGDSVSLSCRASQSISNNLHWYQQKSHESPRLLIKYVSQSSSGIPSRFSGSGSGTDFTLSINSVETEDFGMYFCQQSNSWPRTFGGGTKLEIKRADAAPTVSIFPPSSEQLTSGGASVVCFLNNFYPKDINVKWKIDGSERQNGVLNSWTDQDSKDSTYSMSSTLTLTKDEYERHNSYTCEATHKTSTSPIVKSFNRNEC",214,"polypeptide(L)",23.61
,"2","B, D","B, D","UniProt","P01868","QVQLQESGAEVMKPGASVKISCKATGYTFSTYWIEWVKQRPGHGLEWIGEILPGSGSTYYNEKFKGKATFTADTSSNTAYMQLSSLTSEDSAVYYCARGDGNYGYWGQGTTLTVSSASTTPPSVFPLAPGSAAQTNSMVTLGCLVKGYFPEPVTVTWNSGSLSSGVHTFPAVLQSDLYTLSSSVTVPSSPRPSETVTCNVAHPASSTKVDKKIVPRDC",218,"polypeptide(L)",23.216
,"3","E, F","E, F","UniProt","P00698","KVFGRCELAAAMKRHGLDNYRGYSLGNWVCAAKFESNFNTQATNRNTDGSTDYGILQINSRWWCNDGRTPGSRNLCNIPCSALLSSDITASVNCAKKIVSDGNGMNAWVAWRNRCKGTDVQAWIRGCRL",129,"polypeptide(L)",14.331
"1OGA","1","A","A","UniProt","P04439","GSHSMRYFFTSVSRPGRGEPRFIAVGYVDDTQFVRFDSDAASQRMEPRAPWIEQEGPEYWDGETRKVKAHSQTHRVDLGTLRGYYNQSEAGSHTVQRMYGCDVGSDWRFLRGYHQYAYDGKDYIALKEDLRSWTAADMAAQTTKHKWEAAHVAEQLRAYLEGTCVEWLRRYLENGKETLQRTDAPKTHMTHHAVSDHEATLRCWALSFYPAEITLTWQRDGEDQTQDTELVETRPAGDGTFQKWAAVVVPSGQEQRYTCHVQHEGLPKPLTLRWEP",276,"polypeptide(L)",31.951
,"2","B","B","UniProt","P61769","MIQRTPKIQVYSRHPAENGKSNFLNCYVSGFHPSDIEVDLLKNGERIEKVEHSDLSFSKDWSFYLLYYTEFTPTEKDEYACRVNHVTLSQPKIVKWDRDM",100,"polypeptide(L)",11.879
,"3","C","C",,,"GILGFVFTL",9,"polypeptide(L)",0.966
,"4","D","D","UniProt","P01848","MQLLEQSPQFLSIQEGENLTVYCNSSSVFSSLQWYRQEPGEGPVLLVTVVTGGEVKKLKRLTFQFGDARKDSSLHITAAQPGDTGLYLCAGAGSQGNLIFGKGTKLSVKPNIQNPDPAVYQLRDSKSSDKSVCLFTDFDSQTNVSQSKDSDVYITDKTVLDMRSMDFKSNSAVAWSNKSDFACANAFNNSIIPEDTFFPSPENDGGGCKHHHHHH",215,"polypeptide(L)",23.599
,"5","E","E","UniProt","P01850","MVDGGITQSPKYLFRKEGQNVTLSCEQNLNHDAMYWYRQDPGQGLRLIYYSQIVNDFQKGDIAEGYSVSREKKESFPLTVTSAQKNPTAFYLCASSSRSSYEQYFGPGTRLTVTEDLKNVFPPEVAVFEPSEAEISHTQKATLVCLATGFYPDHVELSWWVNGKEVHSGVSTDPQPLKEQPALNDSRYSLSSRLRVSATFWQNPRNHFRCQVQFYGLSENDEWTQDRAKPVTQIVSAEAWGRADQDRGGGCD",252,"polypeptide(L)",28.56
"1PPF","1","A","E","UniProt","P08246","IVGGRRARPHAWPFMVSLQLRGGHFCGATLIAPNFVMSAAHCVANVNVRAVRVVLGAHNLSRREPTRQVFAVQRIFENGYDPVNLLNDIVILQLNGSATINANVQVAQLPAQGRRLGNGVQCLAMGWGLLGRNRGIASVLQELNVTVVTSLCRRSNVCTLVRGRQAGVCFGDSGSPLVCNGLIHGIASFVRGGCASGLYPDAFAPVAQFVNWIDSIIQ",218,"polypeptide(L)",23.319
,"2","B","I","UniProt","P68390","LAAVSVDCSEYPKPACTLEYRPLCGSDNKTYGNKCNFCNAVVESNGTLTLSHFGKC",56,"polypeptide(L)",6.027
"1R0R","1","A","E","UniProt","P00780","AQTVPYGIPLIKADKVQAQGFKGANVKVAVLDTGIQASHPDLNVVGGASFVAGEAYNTDGNGHGTHVAGTVAALDNTTGVLGVAPSVSLYAVKVLNSSGSGSYSGIVSGIEWATTNGMDVINMSLGGASGSTAMKQAVDNAYARGVVVVAAAGNSGNSGSTNTIGYPAKYDSVIAVGAVDSNSNRASFSSVGAELEVMAPGAGVYSTYPTNTYATLNGTSMASPHVAGAAALILSKHPNLSASQVRNRLSSTATYLGSSFYYGKGLINVEAAAQ",274,"polypeptide(L)",27.306
,"2","B","I","UniProt","P68390","VDCSEYPKPACTLEYRPLCGSDNKTYGNKCNFCNAVVESNGTLTLSHFGKC",51,"polypeptide(L)",5.585
"1S1Q","1","A, C","A, C","UniProt","Q99816","MAVSESQLKKMVSKYKYRDLTVRETVNVITLYKDLKPVLDSYVFNDGSSRELMNLTGTIPVPYRGNTYNIPICLWLLDTYPYNPPICFVKPTSSMTIKTGKHVDANGKIYLPYLHEWKHPQSDLLGLIQVMIVVFGDEPPVFSRP",145,"polypeptide(L)",16.868
,"2","B, D","B, D","UniProt","P0CG48","MQIFVKTLTGKTITLEVEPSDTIENVKAKIQDKEGIPPDQQRLIFAGKQLEDGRTLSDYNIQKESTLHLVLRLRGG",76,"polypeptide(L)",8.624
"1UUZ","1","A, B","A, B","UniProt","Q9HXB1","EEQPRLFELLGQPGYKATWHAMFKGESDVPKWVSDASGPSSPSTSLSLEGQPYVLANSCKPHDCGNNRLLVAFRGDKSAAYGLQVSLPDEPAEVMQTPSKYATYRWYGEPSRQVRELLMKQLESDPNWKLEHHHHHH",137,"polypeptide(L)",15.549
,"2","C, D","C, D","UniProt","P00698","KVFGRCELAAAMKRHGLDNYRGYSLGNWVCAAKFESNFNTQATNRNTDGSTDYGILQINSRWWCNDGRTPGSRNLCNIPCSALLSSDITASVNCAKKIVSDGNGMNAWVAWRNRCKGTDVQAWIRGCRL",129,"polypeptide(L)",14.331
"1VFB","1","A","A","UniProt","P01635","DIVLTQSPASLSASVGETVTITCRASGNIHNYLAWYQQKQGKSPQLLVYYTTTLADGVPSRFSGSGSGTQYSLKINSLQPEDFGSYYCQHFWSTPRTFGGGTKLEIK",107,"polypeptide(L)",11.701
,"2","B","B","UniProt","P01820","QVQLQESGPGLVAPSQSLSITCTVSGFSLTGYGVNWVRQPPGKGLEWLGMIWGDGNTDYNSALKSRLSISKDNSKSQVFLKMNSLHTDDTARYYCARERDYRLDYWGQGTTLTVSS",116,"polypeptide(L)",12.857
,"3","C","C","UniProt","P00698","KVFGRCELAAAMKRHGLDNYRGYSLGNWVCAAKFESNFNTQATNRNTDGSTDYGILQINSRWWCNDGRTPGSRNLCNIPCSALLSSDITASVNCAKKIVSDGNGMNAWVAWRNRCKGTDVQAWIRGCRL",129,"polypeptide(L)",14.331
"1WQJ","1","A","B","UniProt","P22692","AIHCPPCSEEKLARCRPPVGCEELVREPGCGCCATCALGLGMPCGVYTPRCGSGLRCYPPRGVEKPLHTLMHGQGVCMEL",80,"polypeptide(L)",8.498
,"2","B","I","UniProt","P05019","GPETLCGAELVDALQFVCGDRGFYFNKPTGYGSSSRRAPQTGIVDECCFRSCDLRRLEMYCAPLKPAKSA",70,"polypeptide(L)",7.664
"1XD3","1","A, C","A, C","UniProt","P15374","MEGQRWLPLEANPEVTNQFLKQLGLHPNWQFVDVYGMDPELLSMVPRPVCAVLLLFPITEKYEVFRTEEEEKIKSQGQDVTSSVYFMKQTISNACGTIGLIHAIANNKDKMHFESGSTLKKFLEESVSMSPEERARYLENYDAIRVTHETSAHEGQTEAPSIDEKVDLHFIALVHVDGHLYELDGRKPFPINHGETSDETLLEDAIEVCKKFMERDPDELRFNAIALSAA",230,"polypeptide(L)",26.214
,"2","B, D","B, D","UniProt","P0CG48","MQIFVKTLTGKTITLEVEPSDTIENVKAKIQDKEGIPPDQQRLIFAGKQLEDGRTLSDYNIQKESTLHLVLRLRG",75,"polypeptide(L)",8.52
"1YY9","1","A","A","UniProt","P00533","LEEKKVCQGTSNKLTQLGTFEDHFLSLQRMFNNCEVVLGNLEITYVQRNYDLSFLKTIQEVAGYVLIALNTVERIPLENLQIIRGNMYYENSYALAVLSNYDANKTGLKELPMRNLQEILHGAVRFSNNPALCNVESIQWRDIVSSDFLSNMSMDFQNHLGSCQKCDPSCPNGSCWGAGEENCQKLTKIICAQQCSGRCRGKSPSDCCHNQCAAGCTGPRESDCLVCRKFRDEATCKDTCPPLMLYNPTTYQMDVNPEGKYSFGATCVKKCPRNYVVTDHGSCVRACGADSYEMEEDGVRKCKKCEGPCRKVCNGIGIGEFKDSLSINATNIKHFKNCTSISGDLHILPVAFRGDSFTHTPPLDPQELDILKTVKEITGFLLIQAWPENRTDLHAFENLEIIRGRTKQHGQFSLAVVSLNITSLGLRSLKEISDGDVIISGNKNLCYANTINWKKLFGTSGQKTKIISNRGENKCKATGQVCHALCSPEGCWGPEPRDCVSCRNVSRGRECVDKCKLLEGEPREFVENSECIQCHPECLPQAMNITCTGRGPDNCIQCAHYIDGPHCVKTCPAGVMGENNTLVWKYADAGHVCHLCHPNCTYGCTGPGLRGCPTNGPKHHHHHH",624,"polypeptide(L)",69.284
,"2","B","C",,,"DILLTQSPVILSVSPGERVSFSCRASQSIGTNIHWYQQRTNGSPRLLIKYASESISGIPSRFSGSGSGTDFTLSINSVESEDIADYYCQQNNNWPTTFGAGTKLELKRTVAAPSVFIFPPSDEQLKSGTASVVCLLNNFYPREAKVQWKVDNALQSGNSQESVTEQDSKDSTYSLSSTLTLSKADYEKHKVYACEVTHQGLSSPVTKSFNRGA",213,"polypeptide(L)",23.288
,"3","C","D",,,"QVQLKQSGPGLVQPSQSLSITCTVSGFSLTNYGVHWVRQSPGKGLEWLGVIWSGGNTDYNTPFTSRLSINKDNSKSQVFFKMNSLQSNDTAIYYCARALTYYDYEFAYWGQGTLVTVSAASTKGPSVFPLAPSSKSTSGGTAALGCLVKDYFPEPVTVSWNSGALTSGVHTFPAVLQSSGLYSLSSVVTVPSSSLGTQTYICNVNHKPSNTKVDKRVEPKS",221,"polypeptide(L)",23.726
"1Z7X","1","A, C","X, Z","UniProt","P07998","MKESRAKKFQRQHMDSDSSPSSSSTYCNQMMRRRNMTQGRCKPVNTFVHEPLVDVQNVCFQEKVTCKNGQGNCYKSNSSMHITDCRLTNGSRYPNCAYRTSPKERHIIVACEGSPYVPVHFDASVEDST",129,"polypeptide(L)",14.729
,"2","B, D","W, Y","UniProt","P13489","MSLDIQSLDIQCEELSDARWAELLPLLQQCQVVRLDDCGLTEARCKDISSALRVNPALAELNLRSNELGDVGVHCVLQGLQTPSCKIQKLSLQNCCLTGAGCGVLSSTLRTLPTLQELHLSDNLLGDAGLQLLCEGLLDPQCRLEKLQLEYCSLSAASCEPLASVLRAKPDFKELTVSNNDINEAGVRVLCQGLKDSPCQLEALKLESCGVTSDNCRDLCGIVASKASLRELALGSNKLGDVGMAELCPGLLHPSSRLRTLWIWECGITAKGCGDLCRVLRAKESLKELSLAGNELGDEGARLLCETLLEPGCQLESLWVKSCSFTAACCSHFSSVLAQNRFLLELQISNNRLEDAGVRELCQGLGQPGSVLRVLWLADCDVSDSSCSSLAATLLANHSLRELDLSNNCLGDAGILQLVESVRQPGCLLEQLVLYDIYWSEEMEDRLQALEKDKPSLRVIS",461,"polypeptide(L)",50.018
"2AJF","1","A, B","A, B","UniProt","Q9BYF1","STIEEQAKTFLDKFNHEAEDLFYQSSLASWNYNTNITEENVQNMNNAGDKWSAFLKEQSTLAQMYPLQEIQNLTVKLQLQALQQNGSSVLSEDKSKRLNTILNTMSTIYSTGKVCNPDNPQECLLLEPGLNEIMANSLDYNERLWAWESWRSEVGKQLRPLYEEYVVLKNEMARANHYEDYGDYWRGDYEVNGVDGYDYSRGQLIEDVEHTFEEIKPLYEHLHAYVRAKLMNAYPSYISPIGCLPAHLLGDMWGRFWTNLYSLTVPFGQKPNIDVTDAMVDQAWDAQRIFKEAEKFFVSVGLPNMTQGFWENSMLTDPGNVQKAVCHPTAWDLGKGDFRILMCTKVTMDDFLTAHHEMGHIQYDMAYAAQPFLLRNGANEGFHEAVGEIMSLSAATPKHLKSIGLLSPDFQEDNETEINFLLKQALTIVGTLPFTYMLEKWRWMVFKGEIPKDQWMKKWWEMKREIVGVVEPVPHDETYCDPASLFHVSNDYSFIRYYTRTLYQFQFQEALCQAAKHEGPLHKCDISNSTEAGQKLFNMLRLGKSEPWTLALENVVGAKNMNVRPLLNYFEPLFTWLKDQNKNSFVGWSTDWSPYAD",597,"polypeptide(L)",69.154
,"2","C, D","E, F","UniProt","P59594","CPFGEVFNATKFPSVYAWERKKISNCVADYSVLYNSTFFSTFKCYGVSATKLNDLCFSNVYADSFVVKGDDVRQIAPGQTGVIADYNYKLPDDFMGCVLAWNTRNIDATSTGNYNYKYRYLRHGKLRPFERDISNVPFSPDGKPCTPPALNCYWPLNDYGFYTTTGIGYQPYRVVVLSFE",180,"polypeptide(L)",20.523
"2AK4","1","A, F, K, P","A, F, K, Q","UniProt","P01889","GSHSMRYFYTAMSRPGRGEPRFIAVGYVDDTQFVRFDSDAASPRTEPRAPWIEQEGPEYWDRNTQIFKTNTQTYRESLRNLRGYYNQSEAGSHIIQRMYGCDLGPDGRLLRGHDQSAYDGKDYIALNEDLSSWTAADTAAQITQRKWEAARVAEQRRAYLEGLCVEWLRRYLENGKETLQRADPPKTHVTHHPVSDHEATLRCWALGFYPAEITLTWQRDGEDQTQDTELVETRPAGDRTFQKWAAVVVPSGEEQRYTCHVQHEGLPKPLTLRWEP",276,"polypeptide(L)",31.984
,"2","B, G, L, Q","B, G, L, R","UniProt","P61769","IQRTPKIQVYSRHPAENGKSNFLNCYVSGFHPSDIEVDLLKNGERIEKVEHSDLSFSKDWSFYLLYYTEFTPTEKDEYACRVNHVTLSQPKIVKWDRDM",99,"polypeptide(L)",11.748
,"3","C, H, M, R","C, H, M, S","UniProt","P03206","LPEPLPQGQLTAY",13,"polypeptide(L)",1.427
,"4","D, I, N, S","D, I, N, T","UniProt","P01848","HMAQKVTQAQTEISVVEKEDVTLDCVYETRDTTYYLFWYKQPPSGELVFLIRRNSFDEQNEISGRYSWNFQKSTSSFNFTITASQVVDSAVYFCALSGFYNTDKLIFGTGTRLQVFPNIQNPDPAVYQLRDSKSSDKSVCLFTDFDSQTNVSQSKDSDVYITDKCVLDMRSMDFKSNSAVAWSNKSDFACANAFNNSIIPEDTFFPSPESS",211,"polypeptide(L)",24.006
,"5","E, J, O, T","E, J, P, U","UniProt","P01850","HMNAGVTQTPKFQVLKTGQSMTLQCAQDMNHNSMYWYRQDPGMGLRLIYYSASEGTTDKGEVPNGYNVSRLNKREFSLRLESAAPSQTSVYFCASPGLAGEYEQYFGPGTRLTVTEDLKNVFPPEVAVFEPSEAEISHTQKATLVCLATGFYPDHVELSWWVNGKEVHSGVCTDPQPLKEQPALNDSRYALSSRLRVSATFWQNPRNHFRCQVQFYGLSENDEWTQDRAKPVTQIVSAEAWGRAD",245,"polypeptide(L)",27.644
"2B0U","1","A, B","A, B","UniProt","P08476","GLECDGKVNICCKKQFFVSFKDIGWNDWIIAPSGYHANYCEGECPSHIAGTSGSSLSFHSTVINHYRMRGHSPFANLKSCCVPTKLRPMSMLYYDDGQNIIKKDIQNMIVEECGCS",116,"polypeptide(L)",12.992
,"2","C, D","C, D","UniProt","P19883","GNCWLRQAKNGRCQVLYKTELSKEECCSTGRLSTSWTEEDVNDNTLFKWMIFNGGAPNCIPCKETCENVDCGPGKKCRMNKKNKPRCVCAPDCSNITWKGPVCGLDGKTYRNECALLKARCKEQPELEVQYQGRCKKTCRDVFCPGSSTCVVDQTNNAYCVTCNRICPEPASSEQYLCGNDGVTYSSACHLRKATCLLGRSIGLAYEGKCIKAKSCEDIQCTGGKKCLWDFKVGRGRCSLCDELCPDSKSDEPVCASDNATYASECAMKEAACSSGVLLEVKHSGSCN",288,"polypeptide(L)",31.592
"2BNR","1","A","A","UniProt","P04439","GSHSMRYFFTSVSRPGRGEPRFIAVGYVDDTQFVRFDSDAASQRMEPRAPWIEQEGPEYWDGETRKVKAHSQTHRVDLGTLRGYYNQSEAGSHTVQRMYGCDVGSDWRFLRGYHQYAYDGKDYIALKEDLRSWTAADMAAQTTKHKWEAAHVAEQLRAYLEGTCVEWLRRYLENGKETLQRTDAPKTHMTHHAVSDHEATLRCWALSFYPAEITLTWQRDGEDQTQDTELVETRPAGDGTFQKWAAVVVPSGQEQRYTCHVQHEGLPKPLTLRWEP",276,"polypeptide(L)",31.951
,"2","B","B","UniProt","P61769","MIQRTPKIQVYSRHPAENGKSNFLNCYVSGFHPSDIEVDLLKNGERIEKVEHSDLSFSKDWSFYLLYYTEFTPTEKDEYACRVNHVTLSQPKIVKWDRDM",100,"polypeptide(L)",11.879
,"3","C","C","UniProt","P78358","SLLMWITQC",9,"polypeptide(L)",1.094
,"4","D","D","UniProt","A0A0B4J279","QEVTQIPAALSVPEGENLVLNCSFTDSAIYNLQWFRQDPGKGLTSLLLIQSSQREQTSGRLNASLDKSSGRSTLYIAASQPGDSATYLCAVRPTSGGSYIPTFGRGTSLIVHPYIQNPDPAVYQLRDSKSSDKSVCLFTDFDSQTNVSQSKDSDVYITDKCVLDMRSMDFKSNSAVAWSNKSDFACANAFNNSIIPEDTFFPS",203,"polypeptide(L)",22.171
,,,,"UniProt","P01848"
,"5","E","E","UniProt","A0A0K0K1A5","GVTQTPKFQVLKTGQSMTLQCAQDMNHEYMSWYRQDPGMGLRLIHYSVGAGITDQGEVPNGYNVSRSTTEDFPLRLLSAAPSQTSVYFCASSYVGNTGELFFGEGSRLTVLEDLKNVFPPEVAVFEPSEAEISHTQKATLVCLATGFYPDHVELSWWVNGKEVHSGVCTDPQPLKEQPALNDSRYALSSRLRVSATFWQDPRNHFRCQVQFYGLSENDEWTQDRAKPVTQIVSAEAWGRAD",241,"polypeptide(L)",27.006
,,,,"UniProt","P01850"
"2BTF","2","B","P","UniProt","P02584","XAGWNAYIDNLMADGTCQDAAIVGYKDSPSVWAAVPGKTFVNITPAEVGILVGKDRSSFFVNGLTLGGQKCSVIRDSLLQDGEFTMDLRTKSTGGAPTFNITVTMTAKTLVLLMGKEGVHGGMINKKCYEMASHLRRSQY",140,"polypeptide(L)",14.968
,"1","A","A","UniProt","P60712","XDDDIAALVVDNGSGMCKAGFAGDDAPRAVFPSIVGRPRHQGVMVGMGQKDSYVGDEAQSKRGILTLKYPIEHGIVTNWDDMEKIWHHTFYNELRVAPEEHPVLLTEAPLNPKANREKMTQIMFETFNTPAMYVAIQAVLSLYASGRTTGIVMDSGDGVTHTVPIYEGYALPHAILRLDLAGRDLTDYLMKILTERGYSFTTTAEREIVRDIKEKLCYVALDFEQEMATAASSSSLEKSYELPDGQVITIGNERFRCPEALFQPSFLGMESCGIHETTFNSIMKCDVDIRKDLYANTVLSGGTTMYPGIADRMQKEITALAPSTMKIKIIAPPERKYSVWIGGSILASLSTFQQMWISKQEYDESGPSIVHRKCF",375,"polypeptide(L)",41.691
"2C5D","1","A, B","A, B","UniProt","Q14393","APLAHCDGRGGLKLSQDMDTCEDILPCVPFSVAKSVKSLYLGRMFSGTPVIRLRFKRLQPTRLVAEFDFRTFDPEGILLFAGGHQDSTWIVLALRAGRLELQLRYNGVGRVTSSGPVINHGMWQTISVEELARNLVIKVNRDAVMKIAVAGDLFQPERGLYHLNLTVGGIPFHEKDLVQPINPRLDGCMRSWNWLNGEDTTIQETVKVNTRMQCFSVTERGSFYPGSGFAFYSLDYMRTPLDVGTESTWEVEVVAHIRPAADTGVLFALWAPDLRAVPLSVALVDYHSTKKLKKQLVVLAVEHTALALMEIKVCDGQEHVVTVSLRDGEATLEVDGTRGQSEVSAAQLQERLAVLERHLRSPVLTFAGGLPDVPVTSAPVTAFYRGCMTLEVNRRLLDLDEAAYKHSDITAHSCPPVEPAAA",422,"polypeptide(L)",46.615
,"2","C, D","C, D","UniProt","P30530","EESPFVGNPGNITGARGLTGTLRCQLQVQGEPPEVHWLRDGQILELADSTQTQVPLGEDEQDDWIVVSQLRITSLQLSDTGQYQCLVFLGHQTFVSQPGYVGLEGLPYFLEEPEDRTVAANTPFNLSCQAQGPPEPVDLLWLQDAVPLATAPGHGPQRSLHVPGLNKTSSFSCEAHNAKGVTTSRTATITVLPQQ",195,"polypeptide(L)",21.123
"2DVW","1","A","A","UniProt","Q9Z2X2","MEGCVSNIMICNLAYSGKLDELKERILADKSLATRTDQDSRTALHWACSAGHTEIVEFLLQLGVPVNDKDDAGWSPLHIAASAGRDEIVKALLVKGAHVNAVNQNGCTPLHYAASKNRHEIAVMLLEGGANPDAKDHYDATAMHRAAAKGNLKMVHILLFYKASTNIQDTEGNTPLHLACDEERVEEAKFLVTQGASIYIENKEEKTPLQVAKGGLGLILKRLAEGEEASM",231,"polypeptide(L)",25.088
,"2","B","B","UniProt","P43686","MDRRQKRLIFSTITSKMNLSEEVDLEDYVARPDKISGADINSICQESGMLAVRENRYIVLAKDFEKAYKTVIKKDEQEHEFYK",83,"polypeptide(L)",9.793
"2G2U","1","A","A","UniProt","P0AD64","SPQPLEQIKLSESQLSGRVGMIEMDLASGRTLTAWRADERFPMMSTFKVVLCGAVLARVDAGDEQLERKIHYRQQDLVDYSPVSEKHLADGMTVGELCAAAITMSDNSAANLLLATVGGPAGLTAFLRQIGDNVTRLDRWETELNEALPGDARDTTTPASMAATLRKLLTSQRLSARSQRQLLQWMVDDRVAGPLIRSVLPAGWFIADKTGAGERGARGIVALLGPNNKAERIVVIYLRDTPASMAERNQQIAGIGAALIEHWQR",265,"polypeptide(L)",28.907
,"2","B","B","UniProt","P35804","AGVMTGAKFTQIQFGMTRQQVLDIAGAENCETGGSFGDSIHCRGHAAGDYYAYATFGFTSAAADAKVDSKSQEKLLAPSAPTLTLAKFNQVTVGMTRAQVLATVGQGSCTTWSEYYPAYPSTAGVTLSLSCFDVDGYSSTGFYRGSAHLWFTDGVLQGKRQWDLV",165,"polypeptide(L)",17.556
"2HRK","1","A","A","UniProt","P46655","MTKLFSKVKESIEGIKMPSTLTINGKAPIVAYAELIAARIVNALAPNSIAIKLVDDKKAPAAKLDDATEDVFNKITSKFAAIFDNGDKEQVAKWVNLAQKELVIKNFAKLSQSLETLDSQLNLRTFILGGLKYSAADVACWGALRSNGMCGSIIKNKVDVNVSRWYTLLEMDPIFGEAHDFLSKSLLELKKSANVGKKKETHKANFE",207,"polypeptide(L)",22.765
,"2","B","B","UniProt","P46672","MSDLVTKFESLIISKYPVSFTKEQSAQAAQWESVLKSGQIQPHLDQLNLVLRDNTFIVSTLYPTSTDVHVFEVALPLIKDLVASSKDVKSTYTTYRHILRWIDYMQNLLEVSSTDKLEINHD",122,"polypeptide(L)",14.003
"2J1K","1","A, B, G, J, K, O, P, T, U, V, W, X","A, B, G, J, K, O, P, T, V, X, Y, Z","UniProt","P78310","MADFARSLSITTPEEMIEKAKGETAYLPCKFTLSPEDQGPLDIEWLISPADNQKVDQVIILYSGDKIYDDYYPDLKGRVHFTSNDLKSGDASINVTNLQLSDIGTYQCKVKKAPGVANKKIHLVVLVK",128,"polypeptide(L)",14.251
,"2","C, D, E, F, H, I, L, M, N, Q, R, S","C, D, E, F, H, I, L, M, N, Q, R, S","UniProt","Q65914","MRGSHHHHHHGSPPAAPITLWTGPGPSINGFINDTPVIRCFICLTRDSNLVTVNASFVGEGGYRIVSPTQSQFSLIMEFDQFGQLMSTGNINSTTTWGEKPWGNNTVQPRPSHTWKLCMPNREVYSTPAATISRCGLDSIAVDGAPSRSIDCMLIINKPKGVATYTLTFRFLNFNRLSGGTLFKTDVLTFTYVGENQ",197,"polypeptide(L)",21.686
"2JEL","1","A","L",,,"DVLMTQTPLSLPVSLGDQASISCRSSQSIVHGNGNTYLEWYLQKPGQSPKLLIYKISNRFSGVPDRFSGSGSGTDFTLKISRVEAEDLGVYYCFQGSHVPYTFGGGTKLEIKRADAAPTVSIFPPSSEQLTSGGASVVCFLNNFYPKDINVKWKIGDGARQNGVLNSWTDQDSKDSTYSMSSTLTLTKDEYERHNSYTCEATHKTSDSPIVKSFNRN",217,"polypeptide(L)",23.86
,"2","B","H",,,"QVQLAQSGPELVRPGVSVKISCKGSGYTFTTYAMHWVKQSHAKSLEWIGLISTYSGYTNYNQKFKGKATMTVDKSSSTAYMELARLTSEDSAIYYCARVMGEQYFDVWGAGTTVIVSSAATTPPSVYPLAPGSGGQGNSMVTLGCLVKGYFPEPVTVTWNSGSLSSGVHTFPAVLAADLYTLSSSVTVPSSPRPSETVTCNVAHPASSTKVDKKIAPG",218,"polypeptide(L)",23.094
,"3","C","P","UniProt","P0AA04","MFQQEVTITAPNGLHTRPAAQFVKEAKGFTSEITVTSNGKSASAKSLFKLQTLGLTQGTVVTISAEGEDEQKAVEHLVKLMAELE",85,"polypeptide(L)",9.129
"2NYY","1","A","A","UniProt","P0DPI1","PFVNKQFNYKDPVNGVDIAYIKIPNVGQMQPVKAFKIHNKIWVIPERDTFTNPEEGDLNPPPEAKQVPVSYYDSTYLSTDNEKDNYLKGVTKLFERIYSTDLGRMLLTSIVRGIPFWGGSTIDTELKVIDTNCINVIQPDGSYRSEELNLVIIGPSADIIQFECKSFGHEVLNLTRNGYGSTQYIRFSPDFTFGFEESLEVDTNPLLGAGKFATDPAVTLAHELIHAGHRLYGIAINPNRVFKVNTNAYYEMSGLEVSFEELRTFGGHDAKFIDSLQENEFRLYYYNKFKDIASTLNKAKSIVGTTASLQYMKNVFKEKYLLSEDTSGKFSVDKLKFDKLYKMLTEIYTEDNFVKFFKVLNRKTYLNFDKAVFKINIVPKVNYTIYDGFNLRNTNLAANFNGQNTEINNMNFTKLKNFTGLFEFYKLLCVRGIITSKTKSLDKGYNKALNDLCIKVNNWDLFFSPSEDNFTNDLNKGEEITSDTNIEAAEENISLDLIQQYYLTFNFDNEPENISIENLSSDIIGQLELMPNIERFPNGKKYELDKYTMFHYLRAQEFEHGKSRIALTNSVNEALLNPSRVYTFFSSDYVKKVNKATEAAMFLGWVEQLVYDFTDETSEVSTTDKIADITIIIPYIGPALNIGNMLYKDDFVGALIFSGAVILLEFIPEIAIPVLGTFALVSYIANKVLTVQTIDNALSKRNEKWDEVYKYIVTNWLAKVNTQIDLIRKKMKEALENQAEATKAIINYQYNQYTEEEKNNINFNIDDLSSKLNESINKAMININKFLNQCSVSYLMNSMIPYGVKRLEDFDASLKDALLKYIYDNRGTLIGQVDRLKDKVNNTLSTDIPFQLSKYVDNQRLLSTFTEYIKNIINTSILNLRYESNHLIDLSRYASKINIGSKVNFDPIDKNQIQLFNLESSKIEVILKNAIVYNSMYENFSTSFWIRIPKYFNSISLNNEYTIINCMENNSGWKVSLNYGEIIWTLQDTQEIKQRVVFKYSQMINISDYINRWIFVTITNNRLNNSKIYINGRLIDQKPISNLGNIHASNNIMFKLDGCRDTHRYIWIKYFNLFDKELNEKEIKDLYDNQSNSGILKDFWGDYLQYDKPYYMLNLYDPNKYVDVNNVGIRGYMYLKGPRGSVMTTNIYLNSSLYRGTKFIIKKYASGNKDNIVRNNDRVYINVVVKNKEYRLATNASQAGVEKILSALEIPDVGNLSQVVVMKSKNDQGITNKCKMNLQDNNGNDIGFIGFHQFNNIAKLVASNWYNRQIERSSRTLGCSWEFIPVDDGWGERPL",1295,"polypeptide(L)",149.48
,"2","B","C",,,"EIVLTQSPATLSLSPGERATISCRASESVDSYGHSFMQWYQQKPGQAPRLLIYRASNLEPGIPARFSGSGSGTDFTLTISSLEPEDFAVYYCQQGNEVPFTFGQGTKVEIKRTVAAPSVFIFPPSDEQLKSGTASVVCLLNNFYPREAKVQWKVDNALQSGNSQESVTEQDSKDSTYSLSSTLTLSKADYEKHKVYACEVTHQGLSSPVTKSFNRGEC",218,"polypeptide(L)",23.896
,"3","C","D",,,"QVQLQESGGGLVQPGGSLRLSCAASGFTFKYDYMYWVRQAPGKGLEWVATISDGGSYTYYSDSVEGRFTTSRDNSKNTLYLQMNSLRAEDTAIYYCSRYRYDDAMDYWGQGTLVTVSSASTKGPSVFPLAPSSKSTSGGTAALGCLVKDYFPEPVTVSWNSGALTSGVHTFPAVLQSSGLYSLSSVVTVPSSSLGTQTYICNVNHKPSNTKVDKKVEPKSCDK",223,"polypeptide(L)",24.054
"2NZ9","1","A, B","A, B","UniProt","P0DPI1","PFVNKQFNYKDPVNGVDIAYIKIPNVGQMQPVKAFKIHNKIWVIPERDTFTNPEEGDLNPPPEAKQVPVSYYDSTYLSTDNEKDNYLKGVTKLFERIYSTDLGRMLLTSIVRGIPFWGGSTIDTELKVIDTNCINVIQPDGSYRSEELNLVIIGPSADIIQFECKSFGHEVLNLTRNGYGSTQYIRFSPDFTFGFEESLEVDTNPLLGAGKFATDPAVTLAHELIHAGHRLYGIAINPNRVFKVNTNAYYEMSGLEVSFEELRTFGGHDAKFIDSLQENEFRLYYYNKFKDIASTLNKAKSIVGTTASLQYMKNVFKEKYLLSEDTSGKFSVDKLKFDKLYKMLTEIYTEDNFVKFFKVLNRKTYLNFDKAVFKINIVPKVNYTIYDGFNLRNTNLAANFNGQNTEINNMNFTKLKNFTGLFEFYKLLCVRGIITSKTKSLDKGYNKALNDLCIKVNNWDLFFSPSEDNFTNDLNKGEEITSDTNIEAAEENISLDLIQQYYLTFNFDNEPENISIENLSSDIIGQLELMPNIERFPNGKKYELDKYTMFHYLRAQEFEHGKSRIALTNSVNEALLNPSRVYTFFSSDYVKKVNKATEAAMFLGWVEQLVYDFTDETSEVSTTDKIADITIIIPYIGPALNIGNMLYKDDFVGALIFSGAVILLEFIPEIAIPVLGTFALVSYIANKVLTVQTIDNALSKRNEKWDEVYKYIVTNWLAKVNTQIDLIRKKMKEALENQAEATKAIINYQYNQYTEEEKNNINFNIDDLSSKLNESINKAMININKFLNQCSVSYLMNSMIPYGVKRLEDFDASLKDALLKYIYDNRGTLIGQVDRLKDKVNNTLSTDIPFQLSKYVDNQRLLSTFTEYIKNIINTSILNLRYESNHLIDLSRYASKINIGSKVNFDPIDKNQIQLFNLESSKIEVILKNAIVYNSMYENFSTSFWIRIPKYFNSISLNNEYTIINCMENNSGWKVSLNYGEIIWTLQDTQEIKQRVVFKYSQMINISDYINRWIFVTITNNRLNNSKIYINGRLIDQKPISNLGNIHASNNIMFKLDGCRDTHRYIWIKYFNLFDKELNEKEIKDLYDNQSNSGILKDFWGDYLQYDKPYYMLNLYDPNKYVDVNNVGIRGYMYLKGPRGSVMTTNIYLNSSLYRGTKFIIKKYASGNKDNIVRNNDRVYINVVVKNKEYRLATNASQAGVEKILSALEIPDVGNLSQVVVMKSKNDQGITNKCKMNLQDNNGNDIGFIGFHQFNNIAKLVASNWYNRQIERSSRTLGCSWEFIPVDDGWGERPL",1295,"polypeptide(L)",149.48
,"2","C, E","C, E",,,"EIVLTQSPATLSLSPGERATISCRASESVDSYGHSFMQWYQQKPGQAPRLLIYRASNLEPGIPARFSGSGSGTDFTLTISSLEPEDFAVYYCQQGNEVPFTFGQGTKVEIKRTVAAPSVFIFPPSDEQLKSGTASVVCLLNNFYPREAKVQWKVDNALQSGNSQESVTEQDSKDSTYSLSSTLTLSKADYEKHKVYACEVTHQGLSSPVTKSFNRGEC",218,"polypeptide(L)",23.896
,"3","D, F","D, F",,,"QVQLQESGGGLVQPGGSLRLSCAASGFTFSDHYMYWVRQAPGKGLEWVATISDGGSYTYYSDSVEGRFTTSRDNSKNTLYLQMNSLRAEDTAIYYCSRYRYDDAMDYWGQGTLVTVSSASTKGPSVFPLAPSSKSTSGGTAALGCLVKDYFPEPVTVSWNSGALTSGVHTFPAVLQSSGLYSLSSVVTVPSSSLGTQTYICNVNHKPSNTKVDKKVEPKSCDKT",224,"polypeptide(L)",24.088
"2PCC","1","A, C","A, C","UniProt","P00431","MITTPLVHVASVEKGRSYEDFQKVYNAIALKLREDDEYDNYIGYGPVLVRLAWHISGTWDKHDNTGGSYGGTYRFKKEFNDPSNAGLQNGFKFLEPIHKEFPWISSGDLFSLGGVTAVQEMQGPKIPWRCGRVDTPEDTTPDNGRLPDADKDAGYVRTFFQRLNMNDREVVALMGAHALGKTHLKNSGYEGPWGAANNVFTNEFYLNLLNEDWKLEKNDANNEQWDSKSGYMMLPTDYSLIQDPKYLSIVKEYANDQDKFFKDFSKAFEKLLENGITFPKDAPSPFIFKTLEEQGL",296,"polypeptide(L)",33.77
,"2","B, D","B, D","UniProt","P00044","TEFKAGSAKKGATLFKTRCLQCHTVEKGGPHKVGPNLHGIFGRHSGQAEGYSYTDANIKKNVLWDENNMSEYLTNPKKYIPGTKMAFGGLKKEKDRNDLITYLKKACE",108,"polypeptide(L)",12.074
"2SIC","1","A","E","UniProt","P00782","AQSVPYGVSQIKAPALHSQGYTGSNVKVAVIDSGIDSSHPDLKVAGGASMVPSETNPFQDNNSHGTHVAGTVAALNNSIGVLGVAPSASLYAVKVLGADGSGQYSWIINGIEWAIANNMDVINMSLGGPSGSAALKAAVDKAVASGVVVVAAAGNEGTSGSSSTVGYPGKYPSVIAVGAVDSSNQRASFSSVGPELDVMAPGVSIQSTLPGNKYGAYNGTSMASPHVAGAAALILSKHPNWTNTQVRSSLENTTTKLGDSFYYGKGLINVQAAAQ",275,"polypeptide(L)",27.553
,"2","B","I","UniProt","P01006","YAPSALVLTVGKGVSATTAAPERAVTLTCAPGPSGTHPAAGSACADLAAVGGDLNALTRGEDVMCPMVYDPVLLTVDGVWQGKRVSYERVFSNECEMNAHGSSVFAF",107,"polypeptide(L)",10.94
"2WPT","1","A","A","UniProt","P04482","MELKHSISDYTEAEFLEFVKKIARAEGATECDDNKLVREFERLTEHPDGSDLIYYPRDDREDSPEGIVKEIKEWRAANGKSGFKQG",86,"polypeptide(L)",9.953
,"2","B","B","UniProt","P09883","MESKRNKPGKATGKGKPVGDKWLDDAGKDSGAPIPDRIADKLRDKEFKSFDDFRKAVWEEVSKDPELSKNLNPSNKSSVSKGYSPFTPKNQQVGCRKVYELHHDKPISQGGEVYDMDNIRVTTPKRHIDIHRGK",134,"polypeptide(L)",15.166
"3BK3","1","A, B","A, B","UniProt","P12643","QAKHKQRKRLKSSCKRHPLYVDFSDVGWNDWIVAPPGYHAMYCHGECPFPLADHLNSTNHAIVQTLVNSVNSKIPKACCVPTELSAISMLMLDENEKVVLKNYQDMVVEGCGCR",114,"polypeptide(L)",12.876
,"2","C, D","C, D","UniProt","Q5D734","WLITGTEASCENEGEVLHIPNITDNPCISCVCLNQKAECKQEKCAPLAEDCALVVKQTGACCEKCKG",67,"polypeptide(L)",7.192
"3BN9","1","A, D","A, B","UniProt","Q9Y5Y6","VVGGTDADEGEWPWQVSLHALGQGHICGASLISPNWLVSAAHCYIDDRGFRYSDPTQWTAFLGLHDQSQRSAPGVQERRLKRIISHPFFNDFTFDYDIALLELEKPAEYSSMVRPISLPDASHVFPAGKAIWVTGWGHTQYGGTGALILQKGEIRVINQTTCENLLPQQITPRMMCVGFLSGGVDSCQGDSGGPLSSVEADGRIFQAGVVSWGDGCAQRNKPGVYTRLPLFRDWIKENTGV",241,"polypeptide(L)",26.448
,"2","B, E","C, E",,,"DIQMTQSPSSLSASVGDRVTITCRASQGISSYLAWYQQKPGKAPKLLIYAASSLQSGVPSRFSGSGSGTDFTLTISSLQPEDFAVYYCQQHGNLPYTFGDGTKVEIKRTVAAPSVFIFPPSDEQLKSGTASVVCLLNNFYPREAKVQWKVDNALQSGNSQESVTEQDSKDSTYSLSSTLTLSKADYEKHKVYACEVTHQGLSSPVTKSFNRGEC",214,"polypeptide(L)",23.246
,"3","C, F","D, F","UniProt","P01764","QVQLVQSGGGLVKPGGSLRLSCAASGFTFSSYAMSWVRQAPGKGLEWVSAISGSGGSTYYADSVKGRFTISRDNSKNTLYLQMSSLRAEDTAVYYCARPYLTYPQRRGPQNVSPFDNWGQGTMVTVSSASTKGPSVFPLAPSSKSTSGGTAALGCLVKDYFPEPVTVSWNSGALTSGVHTFPAVLQSSGLYSLSSVVTVPSSSLGTQTYICNVNHKPSNTKVDKKVEPKSCAAAHHHHHHGAAEQKLISEEDLNGAA",257,"polypeptide(L)",27.131
"3BP8","1","A, B","A, B","UniProt","P50456","MVAENQPGHIDQIKQTNAGAVYRLIDQLGPVSRIDLSRLAQLAPASITKIVREMLEAHLVQELEIKEAGNRGRPAVGLVVETEAWHYLSLRISRGEIFLALRDLSSKLVVEESQELALKDDSPLLDRIISHIDQFFIRHQKKLERLTSIAITLPGIIDTENGIVHRMPFYEDVKEMPLGEALEQHTGVPVYIQHDISAWTMAEALFGASRGARDVIQVVIDHNVGAGVITDGHLLHAGSSSLVEIGHTQVDPYGKRCYCGNHGCLETIASVDSILELAQLRLNQSMSSMLHGQPLTVDSLCQAALRGDLLAKDIITGVGAHVGRILAIMVNLFNPQKILIGSPLSKAADILFPVISDSIRQQALPAYSQHISVESTQFSNQGTMAGAALVKDAMYNGSLLIRLLQG",406,"polypeptide(L)",44.34
,"2","C, D","C, D","UniProt","P69786","MAPALVAAFGGKENITNLDACITRLRVSVADVSKVDQAGLKKLGAAGVVVAGSGVQAIFGTKSDNLKTEMDEYIR",75,"polypeptide(L)",7.761
"3BT1","1","A","A","UniProt","P00749","RSSNELHQVPSNCDCLNGGTCVSNKYFSNIHWCNCPKKFGGQHCEIDKSKTCYEGNGHFYRGKASTDTMGRPCLPWNSATVLQQTYHAHRSDALQLGLGKHNYCRNPDNRRRPWCYVQVGLKPLVQECMVHDCAD",135,"polypeptide(L)",15.359
,"2","B","B","UniProt","P04004","QESCKGRCTEGFNVDKKCQCDELCSYYQSCCTDYTAECKP",40,"polypeptide(L)",4.573
,"3","C","U","UniProt","Q03405","RSLRCMQCKTNGDCRVEECALGQDLCRTTIVRLWEEGEELELVEKSCTHSEKTNRTLSYRTGLKITSLTEVVCGLDLCNQGNSGRAVTYSRSRYLECISCGSSDMSCERGRHQSLQCRSPEEQCLDVVTHWIQEGEEGRPKDDRHLRGCGYLPGCPGSNGFHNNDTFHFLKCCNTTKCNEGPILELENLPQNGRQCYSCKGNSTHGCSSEETFLIDCRGPMNQCLVATGTHEPKNQSYMVRGCATASMCQHAHLGDAFSMNHIDVSCCTKSGCNHPDLDVQYR",283,"polypeptide(L)",31.601
"3BX1","1","A, B","A, B","UniProt","P29600","AQSVPWGISRVQAPAAHNRGLTGSGVKVAVLDTGISTHPDLNIRGGASFVPGEPSTQDGNGHGTHVAGTIAALNNSIGVLGVAPSAELYAVKVLGASGSGSVSSIAQGLEWAGNNGMHVANLSLGSPSPSATLEQAVNSATSRGVLVVAASGNSGAGSISYPARYANAMAVGATDQNNNRASFSQYGAGLDIVAPGVNVQSTYPGSTYASLNGTSMATPHVAGAAALVKQKNPSWSNVQIRNHLKNTATSLGSTNLYGSGLVNAEAATR",269,"polypeptide(L)",26.718
,"2","C, D","C, D","UniProt","P07596","ADPPPVHDTDGHELRADANYYVLSANRAHGGGLTMAPGHGRHCPLFVSQDPNGQHDGFPVRITPYGVAPSDKIIRLSTDVRISFRAYTTCLQSTEWHIDSELAAGRRHVITGPVKDPSPSGRENAFRIEKYSGAEVHEYKLMSCGDWCQDLGVFRDLKGGAWFLGATEPYHVVVFKKAPPA",181,"polypeptide(L)",19.908
"3C60","3","C, G","C, G","UniProt","P14434","IEADHVGTYGISVYQSPGDIGQYTFEFDGDELFYVDLDKKETVWMLPEFGQLASFDPQGGLQNIAVVKHNLGVLTKRSNSTPATNEAPQATVFPKSPVLLGQPNTLICFVDNIFPPVINITWLRNSKSVADGVYETSFFVNRDYSFHKLSYLTFIPSDDDIYDCKVEHWGLEEPVLKHWEPE",182,"polypeptide(L)",20.598
,"1","A, E","A, E",,,"DSVTQMQGQVTLSENDFLFINCTYSTTGYPTLFWYVQYSGEGPQLLLQVTTANNKGSSRGFEATYDKGTTSFHLQKTSVQEIDSAVYYCAANSGTYQRFGTGTKLQVVPNIQNPDPAVYQLRDSKSSDKSVCLFTDFDSQTNVSQSKDSDVYITDKCVLDMRSMDFKSNSAVAWSNKSDFACANAFNNSIIPEDTFFPS",199,"polypeptide(L)",22.109
,"2","B, F","B, F",,,"AVTQSPRNKVAVTGGKVTLSCNQTNNHNNMYWYRQDTGHGLRLIHYSYGAGSTEKGDIPDGYKASRPSQENFSLILELATPSQTSVYFCASGDFWGDTLYFGAGTRLSVLEDLKNVFPPEVAVFEPSEAEISHTQKATLVCLATGFYPDHVELSWWVNGKEVHSGVCTDPQPLKEQPALNDSRYALSSRLRVSATFWQNPRNHFRCQVQFYGLSENDEWTQDRAKPVTQIVSAEAW",236,"polypeptide(L)",26.471
,"4","D, H","D, H","UniProt","P14483","FEAQKAKANKAVDGGGGSLVPRGSGGGGSERHFVYQFMGECYFTNGTQRIRYVTRYIYNREEYVRYDSDVGEHRAVTELGRPDAEYWNSQPEILERTRAELDTVCRHNYEGPETHTSLRRLEQPNVVISLSRTEALNHHNTLVCSVTDFYPAKIKVRWFRNGQEETVGVSSTQLIRNGDWTFQVLVMLEMTPRRGEVYTCHVEHPSLKSPITVEWKA",217,"polypeptide(L)",24.939
"3EQS","1","A","A","UniProt","Q00987","ETLVRPKPLLLKLLKSVGAQKDTYTMKEVLFYLGQYIMTKRLYDEKQQHIVYCSNDLLGDLFGVPSFSVKEHRKIYTMIYRNLVV",85,"polypeptide(L)",10.045
,"2","B","B",,,"TSFAEYWNLLSP",12,"polypeptide(L)",1.428
"3EQY","1","A, B","A, B","UniProt","O15151","INQVRPKLPLLKILHAAGAQGEMFTVKEVMHYLGQYIMVKQLYDAAAQHMVYCGGDLLGELLGRQSFSVKDPSPLYDMLRKNLVT",85,"polypeptide(L)",9.575
,"2","C, D","C, D",,,"TSFAEYWNLLSP",12,"polypeptide(L)",1.428
"3F1S","1","A","A","UniProt","Q9UK55","ASEEEKAWLMASRQQLAKETSNFGFSLLRKISMRHDGNMVFSPFGMSLAMTGLMLGATGPTETQIKRGLHLQALKPTKPGLLPSLFKGLRETLSRNLELGLTQGSFAFIHKDFDVKETFFNLSKRYFDTECVPMNFRNASQAKRLMNHYINKETRGKIPKLFDEINPETKLILVDYILFKGKWLTPFDPVFTEVDTFHLDKYKTIKVPMMYGAGKFASTFDKNFRCHVLKLPYQGNATMLVVLMEKMGDHLALEDYLTTDLVETWLRNMKTRNMEVFFPKFKLDQKYEMHELLRQMGIRRIFSPFADLSELSATGRNLQVSRVLQRTVIEVDERGTEAVAGILSEITAYSMPPVIKVDRPFHFMIYEETSGMLLFLGRVVNPTLL",385,"polypeptide(L)",44.349
,"2","B","B","UniProt","P22891","AKNECHPERTDGCQHFCLPGQESYTCSCAQGYRLGEDHKQCVPHDQCACGVLTSEKRAPDLQDLPWQVKLTNSEGKDFCGGVIIRENFVLTTAKCSLLHRNITVKTYFNRTSQDPLMIKITHVHVHMRYDADAGENDLSLLELEWPIQCPGAGLPVCTPEKDFAEHLLIPRTRGLLSGWARNGTDLGNSLTTRPVTLVEGEECGQVLNVTVTTRTYCERSSVAAMHWMDGSVVTREHRGSWFLTGVLGSQPVGGQAHMVLVTKVSRYSLWFKQIMNAHHHHHH",283,"polypeptide(L)",31.726
"3G6D","1","A","L",,,"SYELTQPPSVSVAPGQTARISCSGDNIGGTFVSWYQQKPGQAPVLVIYDDNDRPSGIPERFSGSNSGNTATLTISGTQAEDEADYYCGTWDMVTNNVFGGGTKLTVLGQPKAAPSVTLFPPSSEELQANKATLVCLISDFYPGAVTVAWKADSSPVKAGVETTTPSKQSNNKYAASSYLSLTPEQWKSHRSYSCQVTHEGSTVEKTVAPTECS",213,"polypeptide(L)",22.62
,"2","B","H",,,"QVQLVESGGGLVQPGGSLRLSCAASGFTFNSYWINWVRQAPGKGLEWVSGIAYDSSNTLYADSVKGRFTISRDNSKNTLYLQMNSLRAEDTAVYYCARGLGAFHWDMQPDYWGQGTLVTVSSASTKGPSVFPLAPSSKSTSGGTAALGCLVKDYFPEPVTVSWNSGALTSGVHTFPAVLQSSGLYSLSSVVTVPSSSLGTQTYICNVNHKPSNTKVDKKVEPKSCDKTH",229,"polypeptide(L)",24.461
,"3","C","A","UniProt","P35225","MGPVPPSTALRELIEELVNITQNQKAPLCNGSMVWSINLTAGMYCAALESLINVSGCSAIEKTQRMLSGFCPHKVSAGQFSSLHVRDTKIEVAQFVKDLLLHLKKLFREGRFN",113,"polypeptide(L)",12.491
"3HFM","1","A","L",,,"DIVLTQSPATLSVTPGNSVSLSCRASQSIGNNLHWYQQKSHESPRLLIKYASQSISGIPSRFSGSGSGTDFTLSINSVETEDFGMYFCQQSNSWPYTFGGGTKLEIKRADAAPTVSIFPPSSEQLTSGGASVVCFLNNFYPKDINVKWKIDGSERQNGVLNSWTDQDSKDSTYSMSSTLTLTKDEYERHNSYTCEATHKTSTSPIVKSFNRNEC",214,"polypeptide(L)",23.553
,"2","B","H",,,"DVQLQESGPSLVKPSQTLSLTCSVTGDSITSDYWSWIRKFPGNRLEYMGYVSYSGSTYYNPSLKSRISITRDTSKNQYYLDLNSVTTEDTATYYCANWDGDYWGQGTLVTVSAAKTTPPSVYPLAPGSAAQTNSMVTLGCLVKGYFPEPVTVTWNSGSLSSGVHTFPAVLQSDLYTLSSSVTVPSSPRPSETVTCNVAHPASSTKVDKKIVPRDC",215,"polypeptide(L)",23.323
,"3","C","Y","UniProt","P00698","KVFGRCELAAAMKRHGLDNYRGYSLGNWVCAAKFESNFNTQATNRNTDGSTDYGILQINSRWWCNDGRTPGSRNLCNIPCSALLSSDITASVNCAKKIVSDGNGMNAWVAWRNRCKGTDVQAWIRGCRL",129,"polypeptide(L)",14.331
"3HH2","1","A, B","A, B","UniProt","O08689","DFGLDCDEHSTESRCCRYPLTVDFEAFGWDWIIAPKRYKANYCSGECEFVFLQKYPHTHLVHQANPRGSAGPCCTPTKMSPINMLYFNGKEQIIYGKIPAMVVDRCGCS",109,"polypeptide(L)",12.422
,"2","C, D","C, D","UniProt","P19883","GNCWLRQAKNGRCQVLYKTELSKEECCSTGRLSTSWTEEDVNDNTLFKWMIFNGGAPNCIPCKETCENVDCGPGKKCRMNKKNKPRCVCAPDCSNITWKGPVCGLDGKTYRNECALLKARCKEQPELEVQYQGRCKKTCRDVFCPGSSTCVVDQTNNAYCVTCNRICPEPASSEQYLCGNDGVTYSSACHLRKATCLLGRSIGLAYEGKCIKAKSCEDIQCTGGKKCLWDFKVGRGRCSLCDELCPDSKSDEPVCASDNATYASECAMKEAACSSGVLLEVKHSGSCN",288,"polypeptide(L)",31.592
"3KBH","1","A, C, E, G","A, B, C, D","UniProt","Q9BYF1","STIEEQAKTFLDKFNHEAEDLFYQSSLASWNYNTNITEENVQNMNNAGDKWSAFLKEQSTLAQMYPLQEIQNLTVKLQLQALQQNGSSVLSEDKSKRLNTILNTMSTIYSTGKVCNPDNPQECLLLEPGLNEIMANSLDYNERLWAWESWRSEVGKQLRPLYEEYVVLKNEMARANHYEDYGDYWRGDYEVNGVDGYDYSRGQLIEDVEHTFEEIKPLYEHLHAYVRAKLMNAYPSYISPIGCLPAHLLGDMWGRFWTNLYSLTVPFGQKPNIDVTDAMVDQAWDAQRIFKEAEKFFVSVGLPNMTQGFWENSMLTDPGNVQKAVCHPTAWDLGKGDFRILMCTKVTMDDFLTAHHEMGHIQYDMAYAAQPFLLRNGANEGFHEAVGEIMSLSAATPKHLKSIGLLSPDFQEDNETEINFLLKQALTIVGTLPFTYMLEKWRWMVFKGEIPKDQWMKKWWEMKREIVGVVEPVPHDETYCDPASLFHVSNDYSFIRYYTRTLYQFQFQEALCQAAKHEGPLHKCDISNSTEAGQKLFNMLRLGKSEPWTLALENVVGAKNMNVRPLLNYFEPLFTWLKDQNKNSFVGWSTDWSPYAD",597,"polypeptide(L)",69.154
,"2","B, D, F, H","E, F, G, H","UniProt","Q6Q1S2","QHTDINFTATASFGGSCYVCKPHQVNISLNGNTSVCVRTSHFSIRYIYNRVKSGSPGDSSWHIYLKSGTCPFSFSKLNNFQKFKTICFSTVEVPGSCNFPLEATWHYTSYTIVGALYVTWSEGNSITGVPYPVSGI",136,"polypeptide(L)",15.027
"3M62","1","A","A","UniProt","P54860","GSPEFRSMTAIEDILQITTDPSDTRGYSLLKSEEVPQGSTLGVDFIDTLLLYQLTENEKLDKPFEYLNDCFRRNQQQKRITKNKPNAESLHSTFQEIDRLVIGYGVVALQIENFCMNGAFINYITGIVSNVNSYTDFLSQIIQRAILEGTALDLLNAVFPTLLEYCNKHVSHFDLNESVIYNNVLTIFELFVTFKPIAEIFTKIDGFFADYSCKPQDFERKTILGPILSLSPIEAAVAIRNYGDNLLRSKQQTAMIHESLQAEHKVVIDRLFFIVDKLVRGSLNSRTDMISYFAHIANKNHLRRADHPPFKELSSNGFMSNITLLLVRFSQPFLDISYKKIDKIDANYFNNPSLFIDLSGETRLNSDFKEADAFYDKNRKTADSKPNFISDCFFLTLTYLHYGLGGTLSFEEKMGSEIKALKEEIEKVKKIAANHDVFARFITAQLSKMEKALKTTESLRFALQGFFAHRSLQLEVFDFICGASTFLIRVVDPEHEFPFKQIKLPLIPDQIGVENVDNADFLRAHAPVPFKYYPEFVVEGPVNYSLYISKYQTSPIFRNPRLGSFVEFTTMVLRCPELVSNPHLKGKLVQLLSVGAMPLTDNSPGFMMDIFEHDELVNKNLLYALLDFYVIVEKTGSSSQFYDKFNSRYSISIILEELYYKIPSYKNQLIWQSQNNADFFVRFVARMLNDLTFLLDEGLSNLAEVHNIQNELDNRARGAPPTREEEDKELQTRLASASRQAKSSCGLADKSMKLFEIYSKDIPAAFVTPEIVYRLASMLNYNLESLVGPKCGELKVKDPQSYSFNPKDLLKALTTVYINLSEQSEFISAVAKDERSFNRNLFVRAVDILGRKTGLASPEFIEKLLNFANKAEEQRKADEEEDLEYGDVPDEFLDPLMYTIMKDPVILPASKMNIDRSTIKAHLLSDSTDPFNRMPLKLEDVTPNEELRQKILCFKKQKKEEAKHKASE",968,"polypeptide(L)",110.806
,"2","B","B","UniProt","P32628","MVSLTFKNFKKEKVPLDLEPSNTILETKTKLAQSISCEESQIKLIYSGKVLQDSKTVSECGLKDGDQVVFMVSQKKSTKTKVTERDPNSSSVDKLAAALEHHHHHH",106,"polypeptide(L)",11.886
"3M63","1","A","A","UniProt","P54860","GSPEFRSMTAIEDILQITTDPSDTRGYSLLKSEEVPQGSTLGVDFIDTLLLYQLTENEKLDKPFEYLNDCFRRNQQQKRITKNKPNAESLHSTFQEIDRLVIGYGVVALQIENFCMNGAFINYITGIVSNVNSYTDFLSQIIQRAILEGTALDLLNAVFPTLLEYCNKHVSHFDLNESVIYNNVLTIFELFVTFKPIAEIFTKIDGFFADYSCKPQDFERKTILGPILSLSPIEAAVAIRNYGDNLLRSKQQTAMIHESLQAEHKVVIDRLFFIVDKLVRGSLNSRTDMISYFAHIANKNHLRRADHPPFKELSSNGFMSNITLLLVRFSQPFLDISYKKIDKIDANYFNNPSLFIDLSGETRLNSDFKEADAFYDKNRKTADSKPNFISDCFFLTLTYLHYGLGGTLSFEEKMGSEIKALKEEIEKVKKIAANHDVFARFITAQLSKMEKALKTTESLRFALQGFFAHRSLQLEVFDFICGASTFLIRVVDPEHEFPFKQIKLPLIPDQIGVENVDNADFLRAHAPVPFKYYPEFVVEGPVNYSLYISKYQTSPIFRNPRLGSFVEFTTMVLRCPELVSNPHLKGKLVQLLSVGAMPLTDNSPGFMMDIFEHDELVNKNLLYALLDFYVIVEKTGSSSQFYDKFNSRYSISIILEELYYKIPSYKNQLIWQSQNNADFFVRFVARMLNDLTFLLDEGLSNLAEVHNIQNELDNRARGAPPTREEEDKELQTRLASASRQAKSSCGLADKSMKLFEIYSKDIPAAFVTPEIVYRLASMLNYNLESLVGPKCGELKVKDPQSYSFNPKDLLKALTTVYINLSEQSEFISAVAKDERSFNRNLFVRAVDILGRKTGLASPEFIEKLLNFANKAEEQRKADEEEDLEYGDVPDEFLDPLMYTIMKDPVILPASKMNIDRSTIKAHLLSDSTDPFNRMPLKLEDVTPNEELRQKILCFKKQKKEEAKHKASE",968,"polypeptide(L)",110.806
,"2","B","B","UniProt","P48510","MKHHHHHHPMSDYDIPTTENLYFQGAMSLNIHIKSGQDKWEVNVAPESTVLQFKEAINKANGIPVANQRLIYSGKILKDDQTVESYHIQDGHSVHLVKSQP",101,"polypeptide(L)",11.54
"3MZG","1","A","A","UniProt","P01236","MLRDLFDRAVVLSHYIHNLSSEMFSEFDKRYTHGRGFITKAINSCHTSSLATPEDKEQAQQMNQKDFLSLIVSILRSWNEPLYHLVTEVRGMQEAPEAILSKAVEIEEQTKRLLERMELIVSQVHPETKENEIYPVWSGLPSLQMADEESRLSAYYNLLHCLRRDSHKIDNYLKLLKCRIIHNNNC",186,"polypeptide(L)",21.792
,"2","B","B","UniProt","P16471","MLPPGKPEIFKCRSPNKETFTCWWRPGTDGGLPTNYSLTYHREGETLMHECPDYITGGPNSCHFGKQYTSMWRTYIMMVNATNQMGSSFSDELYVDVTYIVQPDPPLELAVEVKQPEDRKPYLWIKWSPPTLIDLKTGWFTLLYEIRLKPEKAAEWEIHFAGQQTEFKILSLHPGQKYLVQVRCKPDHGYWSAWSPATFIQIPSDFTMND",210,"polypeptide(L)",24.446
"3N85","1","A","A","UniProt","P04626","TQVCTGTDMKLRLPASPETHLDMLRHLYQGCQVVQGNLELTYLPTNASLSFLQDIQEVQGYVLIAHNQVRQVPLQRLRIVRGTQLFEDNYALAVLDNGDPLNNTTPVTGASPGGLRELQLRSLTEILKGGVLIQRNPQLCYQDTILWKDIFHKNNQLALTLIDTNRSRACHPCSPMCKGSRCWGESSEDCQSLTRTVCAGGCARCKGPLPTDCCHEQCAAGCTGPKHSDCLACLHFNHSGICELHCPALVTYNTDTFESMPNPEGRYTFGASCVTACPYNYLSTDVGSCTLVCPLHNQEVTAEDGTQRCEKCSKPCARVCYGLGMEHLREVRAVTSANIQEFAGCKKIFGSLAFLPESFDGDPASNTAPLQPEQLQVFETLEEITGYLYISAWPDSLPDLSVFQNLQVIRGRILHNGAYSLTLQGLGISWLGLRSLRELGSGLALIHHNTHLCFVHTVPWDQLFRNPHQALLHTANRPEDECVGEGLACHQLCARGHCWGPGPTQCVNCSQFLRGQECVEECRVLQGLPREYVNARHCLPCHPECQPQNGSVTCFGPEADQCVACAHYKDPPFCVARCPSGVKPDLSYMPIWKFPDEEGACQPCPINCTHSCVDLDDKGCPAEQ",624,"polypeptide(L)",68.794
,"2","B","L",,,"DIQMTQSPSSLSASVGDRVTITCRASQSVSSAVAWYQQKPGKAPKLLIYSASSLYSGVPSRFSGSRSGTDFTLTISSLQPEDFATYYCQQWWWWPSTFGQGTKVEIKRTVAAPSVFIFPPSDEQLKSGTASVVCLLNNFYPREAKVQWKVDNALQSGNSQESVTEQDSKDSTYSLSSTLTLSKADYEKHKVYACEVTHQGLSSPVTKSFNRGECEIS",217,"polypeptide(L)",23.897
,"3","C","H",,,"EVQLVESGGGLVQPGGSLRLSCAASGFSIWWSWIHWVRQAPGKGLEWVASISPSSGWTSYADSVKGRFTISADTSKNTAYLQMNSLRAEDTAVYYCARWWSSAMDYWGQGTLVTVSSASTKGPSVFPLAPSSKSTSGGTAALGCLVKDYFPEPVTVSWNSGALTSGVHTFPAVLQSSGLYSLSSVVTVPSSSLGTQTYICNVNHKPSNTKVDKKVEPKSCDKTH",224,"polypeptide(L)",23.852
"3NGB","1","A, D, G, J","A, D, G, I","UniProt","Q0ED31","VWKDADTTLFCASDAKAHETEVHNVWATHACVPTDPNPQEIHLENVTENFNMWKNNMVEQMQEDVISLWDQSLQPCVKLTGGSVIKQACPKISFDPIPIHYCTPAGYVILKCNDKNFNGTGPCKNVSSVQCTHGIKPVVSTQLLLNGSLAEEEIIIRSENLTNNAKTIIVHLNKSVEINCTRPSNGGSGSGGDIRKAYCEINGTKWNKVLKQVTEKLKEHFNNKTIIFQPPSGGDLEITMHHFNCRGEFFYCNTTQLFNNTCIGNETMKGCNGTITLPCKIKQIINMWQGTGQAMYAPPIDGKINCVSNITGILLTRDGGANNTSNETFRPGGGNIKDNWRSELYKYKVVQIE",353,"polypeptide(L)",39.211
,"2","B, E, H, K","B, E, H, J",,,"QVQLVQSGGQMKKPGESMRISCRASGYEFIDCTLNWIRLAPGKRPEWMGWLKPRGGAVNYARPLQGRVTMTRDVYSDTAFLELRSLTVDDTAVYFCTRGKNCDYNWDFEHWGRGTPVIVSSPSTKGPSVFPLAPSSKSTSGGTAALGCLVKDYFPEPVTVSWNSGALTSGVHTFPAVLQSSGLYSLSSVVTVPSSSLGTQTYICNVNHKPSNTKVDKKAEPKSC",224,"polypeptide(L)",24.368
,"3","C, F, I, L","C, F, K, L",,,"EIVLTQSPGTLSLSPGETAIISCRTSQYGSLAWYQQRPGQAPRLVIYSGSTRAAGIPDRFSGSRWGPDYNLTISNLESGDFGVYYCQQYEFFGQGTKVQVDIKRTVAAPSVFIFPPSDEQLKSGTASVVCLLNNFYPREAKVQWKVDNALQSGNSQESVTEQDSKDSTYSLSSTLTLSKADYEKHKVYACEVTHQGLRSPVTKSFNRGEC",210,"polypeptide(L)",23.173
"3NPS","1","A","A","UniProt","Q9Y5Y6","VVGGTDADEGEWPWQVSLHALGQGHICGASLISPNWLVSAAHCYIDDRGFRYSDPTQWTAFLGLHDQSQRSAPGVQERRLKRIISHPFFNDFTFDYDIALLELEKPAEYSSMVRPISLPDASHVFPAGKAIWVTGWGHTQYGGTGALILQKGEIRVINQTTCENLLPQQITPRMMCVGFLSGGVDSCQGDSGGPLSSVEADGRIFQAGVVSWGDGCAQRNKPGVYTRLPLFRDWIKENTGV",241,"polypeptide(L)",26.448
,"2","B","B",,,"EVQLVQSGAEVKKPGSSVKVSCKASGGTFSSYAISWVRQAGQGLEWMGGIIPIFGTANYAQKFQGRVTITADESTSTAYMELSSLRSEDTAVYYCARTFHIRRYRSGYYDKMDHWGQGTLVTVSSASTKGPSVFPLAPSSKSTSGGTAALGCLVKDYFPEPVTVSWNSGALTSGVHTFPAVLESSGLYSLSSVVTVPSSSLGTQTYICNVNHKPSNTKVDKKVEPK",226,"polypeptide(L)",24.134
,"3","C","C",,,"VLTQPPSVSGAPGQRVTISCSGSSSNIGSNYVSWYQQKPGTAPKLLIYDNNQRPSGVPDRFSGSKSGTSAVLAITGLQSEDEADYYCQSRDISQYVFGGGTKLTVLRTVAAPSVFIFPPSDEQLKSGTASVVCLLNNFYPREAKVQWKVDNALQSGNSQESVTEQDSKDSTYSLSSTLTLSKADYEKHKVYACEVTHQGLSSPVTKSFNRG",211,"polypeptide(L)",22.731
"3Q8D","1","A, B","A, B","UniProt","P0A7H3","MEGWQRAFVLHSRPWSETSLMLDVFTEESGRVRLVAKGARSKRSTLKGALQPFTPLLLRFGGRGEVKTLRSAEAVSLALPLSGITLYSGLYINELLSRVLEYETRFSELFFDYLHCIQSLAGVTGTPEPALRRFELALLGHLGYGVNFTHCAGSGEPVDDTMTYRYREEKGFIASVVIDNKTFTGRQLKALNAREFPDADTLRAAKRFTRMALKPYLGGKPLKSRELFRQFMPKRTVKTHYE",242,"polypeptide(L)",27.432
,"2","C, D","E, F","UniProt","P0AGE0","YMDFDDDIPF",10,"polypeptide(L)",1.277
"3QHY","1","A","A","UniProt","Q93T42","KEKTGQVKHKNQATHKEFSQLEKKFDARLGVYAIDTGTNQTIAYRPNERFAFASTYKALAAGVLLQQNSTKKLDEVITYTKEDLVDYSPVTEKHVDTGMTLGEIAEAAVRYSDNTAGNILFHKIGGPKGYEKALRQMGDRVTMSDRFETELNEAIPGDIRDTSTAKAIATNLKAFTAGNALPNHKRNILTKWMKGNATGDKLIRAGVPTNWVVADKSGAGSYGTRNDIAIVWPPNRAPIIIAILSSKDEKGATYDNQLIAEAAEVIVNAFR",271,"polypeptide(L)",29.76
,"2","B","B","UniProt","O87916","ATSVVAWGGNNDWGEATVPAEAQSGVDAIAGGYFHGLALKGGKVLGWGANLNGQLTMPAATQSGVDAIAAGNYHSLALKDGEVIAWGGNEDGQTTVPAEARSGVDAIAAGAWASYALKDGKVIAWGDDSDGQTTVPAEAQSGVTALDGGVYTALAVKNGGVIAWGDNYFGQTTVPAEAQSGVDDVAGGIFHSLALKDGKVIAWGDNRYKQTTVPTEALSGVSAIASGEWYSLALKNGKVIAWGSSRTAPSSVQSGVSSIEAGPNAAYALKGGSGSGHHHHHH",282,"polypeptide(L)",28.361
"3QIB","5","E","P","UniProt","P00039","ADLIAYLKQATKG",13,"polypeptide(L)",1.394
,"1","A","A","UniProt","P04224","IKEEHTIIQAEFYLLPDKRGEFMFDFDGDEIFHVDIEKSETIWRLEEFAKFASFEAQGALANIAVDKANLDVMKERSNNTPDANVAPEVTVLSRSPVNLGEPNILICFIDKFSPPVVNVTWLRNGRPVTEGVSETVFLPRDDHLFRKFHYLTFLPSTDDFYDCEVDHWGLEEPLRKHWEFEEKTLLPETKESR",193,"polypeptide(L)",22.491
,"2","B","B","UniProt","P04230","GSGGGGSRPWFLEYCKSECHFYNGTQRVRLLVRYFYNLEENLRFDSDVGEFRAVTELGRPDAENWNSQPEFLEQKRAEVDTVCRHNYEIFDNFLVPRRVEPTVTVYPTKTQPLEHHNLLVCSVSDFYPGNIEVRWFRNGKEEKTGIVSTGLVRNGDWTFQTLVMLETVPQSGEVYTCQVEHPSLTDPVTVEWKAQSTSAQNK",202,"polypeptide(L)",23.345
,"3","C","C","UniProt","P01848","MRGDQVEQSPSALSLHEGTGSALRCNFTTTMRAVQWFQQNSRGSLINLFYLASGTKENGRLKSTFNSKESYSTLHIRDAQLEDSGTYFCAALRATGGNNKLTFGQGTVLSVIPDIQNPDPAVYQLRDSKSSDKSVCLFTDFDSQTNVSQSKDSDVYITDKCVLDMRSMDFKSNSAVAWSNKSDFACANAFNNSIIPEDTFFPSPESS",207,"polypeptide(L)",22.807
,"4","D","D",,,"MANERADLIAYLKQATKGGGGSGGGGGMKVIQTPRYLVKGQGQKAKMRCIPEKGHPVVFWYQQNKNNEFKFLINFQNQEVLQQIDMTEKRFSAECPSNSPCSLEIQSSEAGDSALYLCASSLNWSQDTQYFGPGTRLLVLEDLKNVFPPEVAVFEPSEAEISHTQKATLVCLATGFYPDHVELSWWVNGKEVHSGVCTDPQPLKEQPALNDSRYALSSRLRVSATFWQNPRNHFRCQVQFYGLSENDEWTQDRAKPVTQIVSAEAWGRAD",270,"polypeptide(L)",30.289
"3S9D","1","A, C","A, C","UniProt","P01563","ADPCDLPQTHSLGSRRTLMLLAQMRRISLFSCLKDRHDFGFPQEEFGNQFQKAETIPVLAAMIAQIFNLFSTKDSSAAWDETLLDKFYTELYQQLNDLEACVIQGVGVTETPLMKEDSILAVRKYFQRITLYLKEKKYSPCAWEVVRAEIMRSFSLSTNLQESLRSKE",168,"polypeptide(L)",19.393
,"2","B, D","B, D","UniProt","P48551","ADPESCTFKISLRNFRSILSWELKNHSIVPTHYTLLYTIMSKPEDLKVVKNCANTTRSFCDLTDEWRSTHEAYVTVLEGFSGNTTLFSCSHNFWLAIDMSFEPPEFEIVGFTNHINVMVKFPSIVEEELQFDLSLVIEEQSEGIVKKHKPEIKGNMSGNFTYIIDKLIPNTNYCVSVYLEHSDEQAVIKSPLKCTLLPP",199,"polypeptide(L)",22.798
"3SE3","1","A","A","UniProt","P17181","ADLGSKNLKSPQKVEVDIIDDNFILRWNRSDESVGNVTFSFDYQKTGMDNWIKLSGCQNITSTKCNFSSLKLNVYEEIKLRIRAEKENTSSWYEVDSFTPFRKAQIGPPEVHLEAEDKAIVIHISPGTKDSVMWALDGLSFTYSLVIWKNSSGVEERIENIYSRHKIYKLSPETTYCLKVKAALLTSWKIGVYSPVHCIKTTVENELPPPENIEVSVQNQNYVLKWDYTYANMTFQVQWLHAFLKRNPGNHLYKWKQIPDCENVKTTQCVFPQNVFQKGIYLLRVQASDGNNTSFWSEEIKFDTEIQAFLLPPVFNIRSLSDSFHIYIGAPKQSGNTPVIQDYPLIYEIIFWENTSNAERKIIEKKTDVTVPNLKPLTVYCVKARAHTMDEKLNKSSVFSDAVCEKTKPGNTSK",414,"polypeptide(L)",47.63
,"2","B","B","UniProt","P01563","MCDLPQTHSLGSRRTLMLLAQMRRISLFSCLKDRHDFGFPQEEFGNQFQKAETIPVLYNMISQIFNLFSTKDSSAAWDETLLDKFYTELYQQLNDLEACVIQGVGVTETPLMKEDSILAVRKYFQRITLYLKEKKYSPCAWEVVRAEIMRSFSLSTNLQESLRSKE",166,"polypeptide(L)",19.392
,"3","C","C","UniProt","P48551","YTDESCTFKISLRNFRSILSWELKNHSIVPTHYTLLYTIMSKPEDLKVVKNCANTTRSFCDLTDEWRSTHEAYVTVLEGFSGNTTLFSCSHNFWLAIDMSFEPPEFEIVGFTNHINVMVKFPSIVEEELQFDLSLVIEEQSEGIVKKHKPEIKGNMSGNFTYIIDKLIPNTNYCVSVYLEHSDEQAVIKSPLKCTLLPP",199,"polypeptide(L)",22.894
"3SE4","1","A","A","UniProt","P17181","ADLGSKNLKSPQKVEVDIIDDNFILRWNRSDESVGNVTFSFDYQKTGMDNWIKLSGCQNITSTKCNFSSLKLNVYEEIKLRIRAEKENTSSWYEVDSFTPFRKAQIGPPEVHLEAEDKAIVIHISPGTKDSVMWALDGLSFTYSLVIWKNSSGVEERIENIYSRHKIYKLSPETTYCLKVKAALLTSWKIGVYSPVHCIKTTVENELPPPENIEVSVQNQNYVLKWDYTYANMTFQVQWLHAFLKRNPGNHLYKWKQIPDCENVKTTQCVFPQNVFQKGIYLLRVQASDGNNTSFWSEEIKFDTEIQAFLLPPVFNIRSLSDSFHIYIGAPKQSGNTPVIQDYPLIYEIIFWENTSNAERKIIEKKTDVTVPNLKPLTVYCVKARAHTMDEKLNKSSVFSDAVCEKTKPGNTSK",414,"polypeptide(L)",47.63
,"2","B","B","UniProt","P05000","ADPLGCDLPQNHGLLSRNTLVLLHQMRRISPFLCLKDRRDFRFPQEMVKGSQLQKAHVMSVLHEMLQQIFSLFHTERSSAAWQMTLLDQLHTGLHQQLQHLETCLLQVVGEGESAGAISSPALTLRRYFQGIRVYLKEKKYSDCAWEVVRMEIMKSLFLSTNMQERLRSKDRDLGSS",177,"polypeptide(L)",20.483
,"3","C","C","UniProt","P48551","YTDESCTFKISLRNFRSILSWELKNHSIVPTHYTLLYTIMSKPEDLKVVKNCANTTRSFCDLTDEWRSTHEAYVTVLEGFSGNTTLFSCSHNFWLAIDMSFEPPEFEIVGFTNHINVMVKFPSIVEEELQFDLSLVIEEQSEGIVKKHKPEIKGNMSGNFTYIIDKLIPNTNYCVSVYLEHSDEQAVIKSPLKCTLLPP",199,"polypeptide(L)",22.894
"3SE8","1","A","G","UniProt","Q0ED31","VWKDADTTLFCASDAKAHETEVHNVWATHACVPTDPNPQEIHLENVTENFNMWKNNMVEQMQEDVISLWDQSLQPCVKLTGGSVIKQACPKISFDPIPIHYCTPAGYVILKCNDKNFNGTGPCKNVSSVQCTHGIKPVVSTQLLLNGSLAEEEIIIRSENLTNNAKTIIVHLNKSVEINCTRPSNGGSGSGGDIRKAYCEINGTKWNKVLKQVTEKLKEHFNNKTIIFQPPSGGDLEITMHHFNCRGEFFYCNTTQLFNNTCIGNETMKGCNGTITLPCKIKQIINMWQGTGQAMYAPPIDGKINCVSNITGILLTRDGGANNTSNETFRPGGGNIKDNWRSELYKYKVVQIE",353,"polypeptide(L)",39.211
,"2","B","H",,,"QVQLVQSGAVIKTPGSSVKISCRASGYNFRDYSIHWVRLIPDKGFEWIGWIKPLWGAVSYARQLQGRVSMTRQLSQDPDDPDWGVAYMEFSGLTPADTAEYFCVRRGSCDYCGDFPWQYWCQGTVVVVSSASTKGPSVFPLAPSSKSTSGGTAALGCLVKDYFPEPVTVSWNSGALTSGVHTFPAVLQSSGLYSLSSVVTVPSSSLGTQTYICNVNHKPSNTKVDKKVEPKSC",233,"polypeptide(L)",25.295
,"3","C","L",,,"EIVLTQSPGILSLSPGETATLFCKASQGGNAMTWYQKRRGQVPRLLIYDTSRRASGVPDRFVGSGSGTDFFLTINKLDREDFAVYYCQQFEFFGLGSELEVHRTVAAPSVFIFPPSDEQLKSGTASVVCLLNNFYPREAKVQWKVDNALQSGNSQESVTEQDSKDSTYSLSSTLTLSKADYEKHKVYACEVTHQGLSSPVTKSFNRGEC",209,"polypeptide(L)",23.147
"3SE9","1","A","G","UniProt","Q0ED31","VWKDADTTLFCASDAKAHETEVHNVWATHACVPTDPNPQEIHLENVTENFNMWKNNMVEQMQEDVISLWDQSLQPCVKLTGGSVIKQACPKISFDPIPIHYCTPAGYVILKCNDKNFNGTGPCKNVSSVQCTHGIKPVVSTQLLLNGSLAEEEIIIRSENLTNNAKTIIVHLNKSVEINCTRPSNGGSGSGGDIRKAYCEINGTKWNKVLKQVTEKLKEHFNNKTIIFQPPSGGDLEITMHHFNCRGEFFYCNTTQLFNNTCIGNETMKGCNGTITLPCKIKQIINMWQGTGQAMYAPPIDGKINCVSNITGILLTRDGGANNTSNETFRPGGGNIKDNWRSELYKYKVVQIE",353,"polypeptide(L)",39.211
,"2","B","H",,,"QVQLVQSGSGVKKPGASVRVSCWTSEDIFERTELIHWVRQAPGQGLEWIGWVKTVTGAVNFGSPDFRQRVSLTRDRDLFTAHMDIRGLTQGDTATYFCARQKFYTGGQGWYFDLWGRGTLIVVSSASTKGPSVFPLAPSSKSTSGGTAALGCLVKDYFPEPVTVSWNSGALTSGVHTFPAVLQSSGLYSLSSVVTVPSSSLGTQTYICNVNHKPSNTKVDKKVEPKSC",228,"polypeptide(L)",24.645
,"3","C","L",,,"EIVLTQSPGTLSLSPGETASLSCTAASYGHMTWYQKKPGQPPKLLIFATSKRASGIPDRFSGSQFGKQYTLTITRMEPEDFARYYCQQLEFFGQGTRLEIRRTVAAPSVFIFPPSDEQLKSGTASVVCLLNNFYPREAKVQWKVDNALQSGNSQESVTEQDSKDSTYSLSSTLTLSKADYEKHKVYACEVTHQGLSSPVTKSFNRGEC",208,"polypeptide(L)",23.074
"3SGB","1","A","E","UniProt","P00777","ISGGDAIYSSTGRCSLGFNVRSGSTYYFLTAGHCTDGATTWWANSARTTVLGTTSGSSFPNNDYGIVRYTNTTIPKDGTVGGQDITSAANATVGMAVTRRGSTTGTHSGSVTALNATVNYGGGDVVYGMIRTNVCAEPGDSGGPLYSGTRAIGLTSGGSGNCSSGGTTFFQPVTEALVAYGVSVY",185,"polypeptide(L)",18.665
,"2","B","I","UniProt","P68390","LAAVSVDCSEYPKPACTLEYRPLCGSDNKTYGNKCNFCNAVVESNGTLTLSHFGKC",56,"polypeptide(L)",6.027
"3SZK","1","A, E","A, D","UniProt","P69905","VLSPADKTNVKAAWGKVGAHAGEYGAEALERMFLSFPTTKTYFPHFDLSHGSAQVKGHGKKVADALTNAVAHVDDMPNALSALSDLHAHKLRVDPVNFKLLSHCLLVTLAAHLPAEFTPAVHASLDKFLASVSTVLTSKYR",141,"polypeptide(L)",15.15
,"2","B, C","B, E","UniProt","P68871","VHLTPEEKSAVTALWGKVNVDEVGGEALGRLLVVYPWTQRFFESFGDLSTPDAVMGNPKVKAHGKKVLGAFSDGLAHLDNLKGTFATLSELHCDKLHVDPENFRLLGNVLVCVLAHHFGKEFTPPVQAAYQKVVAGVANALAHKYH",146,"polypeptide(L)",15.89
,"3","D, F","C, F","UniProt","Q8NW39","GSSHHHHHHSSGLVPRGSHMADESLKDAIKDPALENKEHDIGPREQVNFQLLDKNNETQYYHFFSIKDPADVYYTKKKAEVELDINTASTWKKFEVYENNQKLPVRLVSYSPVPEDHAYIRFPVSDGTQELKIVSSTQIDDGEETNYDYTKLVFAKPIYNDPSL",164,"polypeptide(L)",18.905
"3UIG","1","A, B","A, B","UniProt","O15392","GMGAPTLPPAWQPFLKDHRISTFKNWPFLEGCACTPERMAEAGFIHCPTENEPDLAQCFFCFKELEGWEPDDDPIEEHKKHSSGCAFLSVKKQFEELTLGEFLKLDRERAKNKIAKETNNKKKEFEETAKKVRRAIEQLAAMD",143,"polypeptide(L)",16.472
,"2","C, D","P, Q","UniProt","P68431","ARTKQTARKSTGGKA",15,"polypeptide(L)",1.646
"3UII","1","A, B","A, B","UniProt","O15392","GMGAPTLPPAWQPFLKDHRISTFKNWPFLEGCACTPERMAEAGFIHCPTENEPDLAQCFFCFKELEGWEPDDDPIEEHKKHSSGCAFLSVKKQFEELTLGEFLKLDRERAKNKIAKETNNKKKEFEETAKKVRRAIEQLAAMD",143,"polypeptide(L)",16.472
,"2","C, D","P, Q","UniProt","P68431","ARTKQTARKS",10,"polypeptide(L)",1.15
"3VR6","1","A, B, C","A, B, C","UniProt","Q08636","GSSGSSGMQIGKIIKVSGPLVMAENMSEASIQDMCLVGDLGVIGEIIEMRQDVASIQVYEETSGIGPGEPVRSTGEALSVELGPGIISQMFDGIQRPLDTFMEVTQSNFLGRGVQLPALDHEKQWWFEATIEEGTEVSAGDIIGYVDETKIIQHKIMVPNGIKGTVQKIESGSFTIDDPICVIETEQGLKELTMMQKWPVRRGRPIKQKLNPDVPMITGQRVIDTFFPVTKGGAAAVPGPFGAGKTVVQHQIAKWSDVDLVVYVGCGERGNEMTDVVNEFPELIDPNTGESLMERTVLIANTSNMPVAAREASIYTGITIAEYFRDMGYDVAIMADSTSRWAEALREMSGRLEEMPGDEGYPAYLGSRLAEYYERSGRVIALGSDQREGSITAISAVSPSGGDISEPVTQNTLRVVKVFWGLDSSLAQKRHFPSINWIQSYSLYSTEVGRYMDQILQQDWSDMVTEGMRILQEEEQLNEIVRLVGIDSLSDNDRLTLEVAKSIREDYLQQNAFDDVDTFTSREKQFNMLKVILTFGKEARKALSLGAYFNEIMEGTVAVRERISRSKYIPEEELAKISSINEEIKETIQLIVSEGGMTDD",600,"polypeptide(L)",66.348
,"2","D, E, F","D, E, F","UniProt","Q08637","GSSGSSGMIKEYRTIKEVVGPLMAVEKVSGVKYEELIEVRMQNGEIRRGQVLEVQEDKAMVQIFEGTSGINLKNSSVRFLGHPLQLGVSEDMIGRVFDGLGRPKDNGPEILPEKYLDINGEVINPIARDYPDEFIQTGISAIDHLNTLVRGQKLPVFSGSGLPHKELAAQIARQATVLDSSDDFAVVFAAIGITFEEAEFFMEDFRQTGAIDRSVMFMNLANDPAIERIATPRMALTAAEYLAYEKGMHVLVIMTDMTNYAEALREISAARREVPGRRGYPGYLYTNLATLFERAGRIRGLKGSVTQIPILTMPEDDKTHPIPDLTGYITEGQIILTRELYKSGIQPPIDVLPSLSRLKDKGTGAGKTREDHAATMNQLFAAYAQGKQAKELAVVLGESALSDIDKIYAKFAERFENEYVNQGFYTNRTITETLDLGWELLAMLPRTELKRIKDDLLDKYLPEGK",465,"polypeptide(L)",51.721
,"3","G","G","UniProt","P43435","GSSGSSGMRLNVNPTRMELTRLKKQLTTATRGHKLLKDKQDELMRQFILLIRKNNELRQAIEKETQTAMKDFVLAKSTVEEAFIDELLALPAENVSISVVEKNIMSVKVPLMNFQYDETLNETPLEYGYLHSNAELDRSIDGFTQLLPKLLKLAEVEKTCQLMAEEIEKTRRRVNALEYMTIPQLEETIYYIKMKLEENERAEVTRLIKVKNMGTEE",217,"polypeptide(L)",25.119
,"4","H","H","UniProt","P43455","MTYKIGVVGDKDSVSPFRLFGFDVQHGTTKTEIRKTIDEMAKNEYGVIYITEQCANLVPETIERYKGQLTPAIILIPSHQGTLGIGLEEIQNSVEKAVGQNILSGPSSGENLYFQ",115,"polypeptide(L)",12.689
"4B0M","1","A","A","UniProt","P26949","AYTFDSTMLDTNSGESIDVSLFNQGLQLPGNYFVNVFVNGRKVDSGNIDFRLEKHNGKELLWPCLSSLQLTKYGIDIDKYPDLIKSGTEQCVDLLAIPHSDVQFYFNQQKLSLIVPPQALLPRFDGIMPMQLWDDG",136,"polypeptide(L)",15.386
,"2","B","B","UniProt","P26948","ADLTASTTATATLVEPARITLTYKEGAPITIMDNGNIDTELLVGTLTLGGYKTGTTSTSVNFTDAAGDPMYLTFTSQDGNNHQFTTKVIGKDSRDFDISPKVNGENLVGDDVVLATGSQDFFVRSIGSKGGKLAAGKYTDAVTVTVSNQ",149,"polypeptide(L)",15.575
,"3","C","M","UniProt","P26926","AQPDIKFASKEYGVTIGESRIIYPLDAAGVMVSVKNTQDYPVLIQSRIYDENKEKESEDPFVVTPPLFRLDAKQQNSLRIAQAGGVFPRDKESLKWLCVKGIPPKDEDIWVDDATNKQKFNPDKDVGVFVQFAINNCIKLLVRPNELKGTPIQFAENLSWKVDGGKLIAENPSPFYMNIGELTFGGKSIPSHYIPPKSTWAFDLPKGLAGARNVSWRIINDQGGLDRLYSKNVTL",235,"polypeptide(L)",26.329
"4E6K","1","A, B, C, D, E, F","A, B, C, D, E, F","UniProt","Q9HY79","MKGDKKVIQHLNKILGNELIAINQYFLHSRMWNDWGLKRLGAHEYHESIDEMKHADKLIERILFLEGLPNLQDLGKLLIGENTQEMLQCDLNLELKATKDLREAIVHCEQVHDYVSRDLLKDILESEEEHIDYLETQLGLIQKVGLENYLQSHMHEDD",158,"polypeptide(L)",18.58
,"2","G, H, I","G, H, I","UniProt","Q9HY80","MYVCLCQGVTDNQIRDAIYEGCCSYREVREATGVGTQCGKCASLAKQVVRETLNDLQSAQPVPAFGTTAFVAA",73,"polypeptide(L)",7.814
"4FTV","1","A","A","UniProt","P04439","GSHSMRYFFTSVSRPGRGEPRFIAVGYVDDTQFVRFDSDAASQRMEPRAPWIEQEGPEYWDGETRKVKAHSQTHRVDLGTLRGYYNQSEAGSHTVQRMYGCDVGSDWRFLRGYHQYAYDGKDYIALKEDLRSWTAADMAAQTTKHKWEAAHVAEQLRAYLEGTCVEWLRRYLENGKETLQRTDAPKTHMTHHAVSDHEATLRCWALSFYPAEITLTWQRDGEDQTQDTELVETRPAGDGTFQKWAAVVVPSGQEQRYTCHVQHEGLPKPLTLRWE",275,"polypeptide(L)",31.854
,"2","B","B","UniProt","P61769","MIQRTPKIQVYSRHPAENGKSNFLNCYVSGFHPSDIEVDLLKNGERIEKVEHSDLSFSKDWSFYLLYYTEFTPTEKDEYACRVNHVTLSQPKIVKWDRDM",100,"polypeptide(L)",11.879
,"3","C","C","UniProt","P0C213","LLFGYPVYV",9,"polypeptide(L)",1.07
,"4","D","D",,,"KEVEQNSGPLSVPEGAIASLNCTYSDRGSQSFFWYRQYSGKSPELIMSIYSNGDKEDGRFTAQLNKASQYVSLLIRDSQPSDSATYLCAVTTDSWGKLQFGAGTQVVVTPDIQNPDPAVYQLRDSKSSDKSVCLFTDFDSQTNVSQSKDSDVYITDKTVLDMRSMDFKSNSAVAWSNKSDFACANAFNNSIIPEDTFFPS",200,"polypeptide(L)",22.088
,"5","E","E",,,"NAGVTQTPKFQVLKTGQSMTLQCAQDMNHEYMSWYRQDPGMGLRLIHYSVGAGITDQGEVPNGYNVSRSTTEDFPLRLLSAAPSQTSVYFCASRPGLMSAQPEQYFGPGTRLTVTEDLKNVFPPEVAVFEPSEAEISHTQKATLVCLATGFYPDHVELSWWVNGKEVHSGVSTDPQPLKEQPALNDSRYALSSRLRVSATFWQDPRNHFRCQVQFYGLSENDEWTQDRAKPVTQIVSAEAWGRAD",245,"polypeptide(L)",27.436
"4FZA","1","A","A","UniProt","Q9Y376","GAMASPADIVKNLKESMAVLEKQDISDKKAEKATEEVSKNLVAMKEILYGTNEKEPQTEAVAQLAQELYNSGLLSTLVADLQLIDFEGKKDVAQIFNNILRRQIGTRTPTVEYICTQQNILFMLLKGYESPEIALNCGIMLRECIRHEPLAKIILWSEQFYDFFRYVEMSTFDIASDAFATFKDLLTRHKLLSAEFLEQHYDRFFSEYEKLLHSENYVTKRQSLKLLGELLLDRHNFTIMTKYISKPENLKLMMNLLRDKSRNIQFEAFHVFKVFVANPNKTQPILDILLKNQAKLIEFLSKFQNDRTEDEQFNDEKTYLVKQIRDLK",328,"polypeptide(L)",38.311
,"2","B","B","UniProt","Q9P289","GAMADPEELFTKLERIGKGSFGEVFKGIDNRTQQVVAIKIIDLEEAEDEIEDIQQEITVLSQCDSSYVTKYYGSYLKGSKLWIIMEYLGGGSALDLLRAGPFDEFQIATMLKEILKGLDYLHSEKKIHRDIKAANVLLSEQGDVKLAAFGVAGQLTDTQIKRNTFVGTPFWMAPEVIQQSAYDSKADIWSLGITAIELAKGEPPNSDMHPMRVLFLIPKNNPPTLVGDFTKSFKEFIDACLNKDPSFRPTAKELLKHKFIVKNSKKTSYLTELIDRFKRWKAE",283,"polypeptide(L)",31.931
"4G0N","1","A","A","UniProt","P01112","MTEYKLVVVGAGGVGKSALTIQLIQNHFVDEYDPTIEDSYRKQVVIDGETCLLDILDTAGQEEYSAMRDQYMRTGEGFLCVFAINNTKSFEDIHQYREQIKRVKDSDDVPMVLVGNKCDLAARTVESRQAQDLARSYGIPYIETSAKTRQGVEDAFYTLVREIRQH",166,"polypeptide(L)",18.875
,"2","B","B","UniProt","P04049","TSNTIRVFLPNKQRTVVNVRNGMSLHDCLMKALKVRGLQPECCAVFRLLHEHKGKKARLDWNTDAASLIGEELQVDFL",78,"polypeptide(L)",8.89
"4HFK","1","A, C","A, C","UniProt","A0A0H3CIJ2","HMASMTGGQQMGRMSHMRPAFGAAWNRFKEVNVNVEQVGKLLGGKVQHNIDAGIFKNACPIRMSYVLNYCGIPVPSNSKYATVTGSDKKRYMFRVKDMIAFLPTVLGKADISVSSPTPAQFAGKQGIIIFTGHGWLDATGHVTLWNGNICSDDCHFLGSPGNGSFIPTNATFWSLK",176,"polypeptide(L)",19.165
,"2","B, D","B, D","UniProt","A0A0H3CIX8","QTLPDISTFSQQQIFENWVQNRCIGKIADSKSLKEDADASAAAWLEASNLPAENFEKADEVIVSLLKQKVGGTEPGHYQILKCTLIANSDAIRPLKSSKHHHHHH",105,"polypeptide(L)",11.701
"4HRN","1","A, B","A, B",,,"MRGSHHHHHHGSDLGKKLLEAARAGQDDEVRILMANGADVNAKDEYGLTPLYLATAHGHLEIVEVLLKNGADVNAVDAIGFTPLHLAAFIGHLEIAEVLLKHGADVNAQDKFGKTAFDISIGNGNEDLAEILQKLN",136,"polypeptide(L)",14.618
,"2","C, D","C, D","UniProt","P04626","HHHHHHVDCSQFLRGQECVEECRVLQGLPREYVNARHCLPCHPECQPQDGSVTCFGPEADQCVACAHYKDPPFCVARCPSGVKPDLSYMPIWKFPDEEGACQP",103,"polypeptide(L)",11.658
"4I77","2","B","L",,,"DIVMTQSPDSLSVSLGERATINCRASKSVDSYGNSFMHWYQQKPGQPPKLLIYLASNLESGVPDRFSGSGSGTDFTLTISSLQAEDVAVYYCQQNNEDPRTFGGGTKVEIKRTVAAPSVFIFPPSDEQLKSGTASVVCLLNNFYPREAKVQWKVDNALQSGNSQESVTEQDSKDSTYSLSSTLTLSKADYEKHKVYACEVTHQGLSSPVTKSFNRGEC",218,"polypeptide(L)",23.856
,"1","A","H",,,"QVTLRESGPALVKPTQTLTLTCTVSGFSLSAYSVNWIRQPPGKALEWLAMIWGDGKIVYNSALKSRLTISKDTSKNQVVLTMTNMDPVDTATYYCAGDGYYPYAMDNWGQGSLVTVSSASTKGPSVFPLAPCSRSTSESTAALGCLVKDYFPEPVTVSWNSGALTSGVHTFPAVLQSSGLYSLSSVVTVPSSSLGTKTYTCNVDHKPSNTKVDKRVESK",219,"polypeptide(L)",23.434
,"3","C","Z","UniProt","P35225","GPVPPSTALRELIEELVNITQNQKAPLCNGSMVWSINLTAGMYCAALESLINVSGCSAIEKTQRMLSGFCPHKVSAGQFSSLHVRDTKIEVAQFVKDLLLHLKKLFREGRFN",112,"polypeptide(L)",12.359
"4J2L","1","A, B","A, B","UniProt","P54253","EFSPAAAPPTLPPYFMKGSIIQLANGELKKVEDLKTEDFIQSAEISNDLKIDSSTVERIEDSHSPGVAVIQFAVGEHRAQVSVEVLVEYPFFVFGQGWSSCCPERTSQLFDLPCSKLSVGDVCISLTLK",129,"polypeptide(L)",14.12
,"2","C, D","C, D","UniProt","Q96RK0","MFVWTNVEPRSVAVFPWHSLVPFLAPSQ",28,"polypeptide(L)",3.245
"4JEU","1","A","A","UniProt","P61765","PIGLKAVVGEKIMHDVIKKVKKKGEWKVLVVDQLSMRMLSSCCKMTDIMTEGITIVEDINKRREPLPSLEAVYLITPSEKSVHSLISDFKDPPTAKYRAAHVFFTDSCPDALFNELVKSRAAKVIKTLTEINIAFLPYESQVYSLDSADSFQSFYSPHKAQMKNPILERLAEQIATLCATLKEYPAVRYRGEYKDNALLAQLIQDKLDAYKADDPTMGEGPDKARSQLLILDRGFDPSSPVLHELTFQAMSYDLLPIENDVYKYETSGIGEARVKEVLLDEDDDLWIALRHKHIAEVSQEVTRSLKDFSSSKRMNTGEKTTMRDLSQMLKKMPQYQKELSKYSTHLHLAEDCMKHYQGTVDKLCRVEQDLAMGTDAEGEKIKDPMRAIVPILLDANVSTYDKIRIILLYIFLKNGITEENLNKLIQHAQIPPEDSEIITNMAHLGVPIVTDSTLRRRSKPERKERISEQTYQLSRWTPIIKDIMEDTIEDKLDTKHYPYISTRSSASFSTTAVSARYGHWHKNKAPGEYRSGPRLIIFILGGVSLNEMRCAYEVTQANGKWEVLIGSTHILTPQKLLDTLKKLNKTDEEI",590,"polypeptide(L)",67.289
,"2","B","B","UniProt","P32851","KDRTQELRTAKDSDDDDDVTVTVDRDRFMDEFFEQVEEIRGFIDKIAENVEEVKRKHSAILASPNPDEKTKEELEELMSDIKKTANKVRSKLKSIEQSIEQEEGLNRSSADLRIRKTQHSTLSRKFVEVMSEYNATQSDYRERCKGRIQRQLEITGRTTTSEELEDMLESGNPAIFASGIIMDSSISKQALSEIETRHSEIIKLENSIRELHDMFMDMAMLVESQGEMIDRIEYNVEHAVDY",242,"polypeptide(L)",28.102
"4K71","1","A, D","A, D","UniProt","P02768","DAHKSEVAHRFKDLGEENFKALVLIAFAQYLQQCPFEDHVKLVNEVTEFAKTCVADESAENCDKSLHTLFGDKLCTVATLRETYGEMADCCAKQEPERNECFLQHKDDNPNLPRLVRPEVDVMCTAFHDNEETFLKKYLYEIARRHPYFYAPELLFFAKRYKAAFTECCQAADKAACLLPKLDELRDEGKASSAKQRLKCASLQKFGERAFKAWAVARLSQRFPKAEFAEVSKLVTDLTKVHTECCHGDLLECADDRADLAKYICENQDSISSKLKECCEKPLLEKSHCIAEVENDEMPADLPSLAADFVESKDVCKNYAEAKDVFLGMFLYEYARRHPDYSVVLLLRLAKTYETTLEKCCAAADPHECYAKVFDEFKPLVEEPQNLIKQNCELFEQLGEYKFQNALLVRYTKKVPQMSAPTLVEVSRNLGKVGSKCCKHPEAKRMPCAEDYLSVVLNQLCVLHEKTPVSDRVTKCCTESLVNRRPCFSALEVDETYVPKEFNAGTFTFHADICTLSEKERQIKKQTALVELVKHKPKATKEQLKAAMDDFAAFVEKCCKADDKETCFAEEGKKLVAASQAALGL",585,"polypeptide(L)",66.473
,"2","B, E","B, E","UniProt","P55899","AESHLSLLYHLTAVSSPAPGTPAFWVSGWLGPQQYLSYNSLRGEAEPCGAWVWENQVSWYWEKETTDLRIKEKLFLEAFKALGGKGPYTLQGLLGCELGPDNTSVPTAKFALNGEEFMNFDLKQGTWGGDWPEALAISQRWQQQDKAANKELTFLLFSCPHRLREHLERGRGNLEWKEPPSMRLKARPSSPGFSVLTCSAFSFYPPELQLRFLRNGLAAGTGQGDFGPNSDGSFHASSSLTVKSGDEHHYCCIVQHAGLAQPLRVELESPAKSS",274,"polypeptide(L)",30.408
,"3","C, F","C, F","UniProt","P61769","IQRTPKIQVYSRHPAENGKSNFLNCYVSGFHPSDIEVDLLKNGERIEKVEHSDLSFSKDWSFYLLYYTEFTPTEKDEYACRVNHVTLSQPKIVKWDRDM",99,"polypeptide(L)",11.748
"4KRL","1","A","B",,,"QVKLEESGGGSVQTGGSLRLTCAASGRTSRSYGMGWFRQAPGKEREFVSGISWRGDSTGYADSVKGRFTISRDNAKNTVDLQMNSLKPEDTAIYYCAAAAGSAWYGTLYEYDYWGQGTQVTVSSALEHHHHHH",133,"polypeptide(L)",14.576
,"2","B","A","UniProt","P00533","LEEKKVCNGIGIGEFKDSLSINATNIKHFKNCTSISGDLHILPVAFRGDSFTHTPPLDPQELDILKTVKEITGFLLIQAWPENRTDLHAFENLEIIRGRTKQHGQFSLAVVSLNITSLGLRSLKEISDGDVIISGNKNLCYANTINWKKLFGTSGQKTKIISNRGENSCKATGQVCHALCSPEGCWGPEPRDCVSCRNVSRGRECVDKHHHHHH",214,"polypeptide(L)",23.786
"4L3E","1","A","A","UniProt","P04439","GSHSMRYFFTSVSRPGRGEPRFIAVGYVDDTQFVRFDSDAASQRMEPRAPWIEQEGPEYWDGETRKVKAHSQTHRVDLGTLRGYYNQSEAGSHTVQRMYGCDVGSDWRFLRGYHQYAYDGKDYIALKEDLRSWTAADMAAQTTKHKWEAAHVAEQLRAYLEGTCVEWLRRYLENGKETLQRTDAPKTHMTHHAVSDHEATLRCWALSFYPAEITLTWQRDGEDQTQDTELVETRPAGDGTFQKWAAVVVPSGQEQRYTCHVQHEGLPKPLTLRWE",275,"polypeptide(L)",31.854
,"2","B","B","UniProt","P61769","MIQRTPKIQVYSRHPAENGKSNFLNCYVSGFHPSDIEVDLLKNGERIEKVEHSDLSFSKDWSFYLLYYTEFTPTEKDEYACRVNHVTLSQPKIVKWDRDM",100,"polypeptide(L)",11.879
,"3","C","C","UniProt","Q16655","ELAGIGILTV",10,"polypeptide(L)",0.985
,"4","D","D",,,"KEVEQNSGPLSVPEGAIASLNCTYSYRGSQSFFWYRQYSGKSPELIMFIYSNGDKEDGRFTAQLNKASQYVSLLIRDSQPSDSATYLCAVNFGGGKLIFGQGTELSVKPNIQNPDPAVYQLRDSKSSDKSVCLFTDFDSQTNVSQSKDSDVYITDKCVLDMRSMDFKSNSAVAWSNKSDFACANAFNNSIIPEDTFFPS",199,"polypeptide(L)",22.055
,"5","E","E",,,"IAGITQAPTSQILAAGRRMTLRCTQDMRHNAMYWYRQDLGLGLRLIHYSNTAGTTGKGEVPDGYSVSRANTDDFPLTLASAVPSQTSVYFCASSWSFGTEAFFGQGTRLTVVEDLNKVFPPEVAVFEPSEAEISHTQKATLVCLATGFYPDHVELSWWVNGKEVHSGVCTDPQPLKEQPALNDSRYALSSRLRVSATFWQDPRNHFRCQVQFYGLSENDEWTQDRAKPVTQIVSAEAWGRAD",242,"polypeptide(L)",27.001
"4N8V","1","A, B","G, I","UniProt","P43631","MHEGVHRKPSLLAHPGPLVKSEETVILQCWSDVRFEHFLLHREGKYKDTLHLIGEHHDGVSKANFSIGPMMQDLAGTYRCYGSVTHSPYQLSAPSDPLDIVITGLYEKPSLSAQPGPTVLAGESVTLSCSSRSSYDMYHLSREGEAHERRFSAGPKVNGTFQADFPLGPATHGGTYRCFGSFRDSPYEWSNSSDPLLVSVT",201,"polypeptide(L)",22.18
,"2","C, F","A, D","UniProt","P04439","GSHSMRYFYTSVSRPGRGEPRFIAVGYVDDTQFVRFDSDAASQRMEPRAPWIEQEGPEYWDQETRNVKAQSQTDRVDLGTLRGYYNQSEDGSHTIQIMYGCDVGPDGRFLRGYRQDAYDGKDYIALNEDLRSWTAADMAAQITKRKWEAAHAAEQQRAYLEGRCVEWLRRYLENGKETLQRTDPPKTHMTHHPISDHEATLRCWALGFYPAEITLTWQRDGEDQTQDTELVETRPAGDGTFQKWAAVVVPSGEEQRYTCHVQHEGLPKPLTLRW",274,"polypeptide(L)",31.726
,"3","D, G","B, E","UniProt","P61769","MIQRTPKIQVYSRHPAENGKSNFLNCYVSGFHPSDIEVDLLKNGERIEKVEHSDLSFSKDWSFYLLYYTEFTPTEKDEYACRVNHVTLSQPKIVKWDRDM",100,"polypeptide(L)",11.879
,"4","E, H","C, F","UniProt","Q76ZQ3","MLIYSMWGK",9,"polypeptide(L)",1.129
"4NKQ","1","A","A","UniProt","P32927","EETIPLQTLRCYNDYTSHITCRWADTQDAQRLVNVTLIRRVNEDLLEPVSCDLSDDMPWSACPHPRCVPRRCVIPCQSFVVTDVDYFSFQPDRPLGTRLTVTLTQHVQPPEPRDLQISTDQDHFLLTWSVALGSPQSHWLSPGDLEFEVVYKRLQDSWEDAAILLSNTSQATLGPEHLMPSSTYVARVRTRLAPGSRLSGRPSKWSPEVCWDSQPGDEAQPQNLECFFDGAAVLSCSWEVRKEVASSVSFGLFYKPSPDAGEEECSPVLREGLGSLHTRHHCQIPVPDPATHGQYIVSVQPRRAEKHIKSSVNIQMAPPSLQVTKDGDSYSLRWETMKMRYEHIDHTFEIQYRKDTATWKDSKTETLQNAHSMALPALEPSTRYWARVRVRTSRTGYNGIWSEWSEARSWDTES",414,"polypeptide(L)",47.259
,"2","B","C","UniProt","P04141","APARSPSPSTQPWEHVNAIQEARRLLNLSRDTAAEMNETVEVISEMFDLQEPTCLQTRLELYKQGLRGSLTKLKGPLTMMASHYKQHCPPTPETSCATQIITFESFKENLKDFLLVIPFDCWEPVQE",127,"polypeptide(L)",14.492
,"3","C","B","UniProt","P15509","XXXXXXXXXXXXXXXXXNSGREGTAAQNFSCFIYNADLMNCTWARGPTAPRDVQYFLYIRNSKRRREIRCPYYIQDSGTHVGCHLDNLSGLTSRNYFLVNGTSREIGIQFFDSLLDTKKIERFNPPSNVTVRCNTTHCLVRWKQPRTYQKLSYLDFQYQLDVHRKNTQPGTENLLINVSGDLENRYNFPSSEPRAKHSVKIRAADVRILNWSSWSEAIEFGSDDGNLGSVYIYVLLIVGTLVCGIVLGFLFKRFLRIQRLFPPVPQIKDKLNDNHEVEDEIIWEEFTPEEGKGYREEVLTVKEIT",305,"polypeptide(L)",34.85
"4NZW","1","A","A","UniProt","Q9Y376","GAMASHKSPADIVKNLKESMAVLEKQDISDKKAEKATEEVSKNLVAMKEILYGTNEKEPQTEAVAQLAQELYNSGLLSTLVADLQLIDFEGKKDVAQIFNNILRRQIGTRTPTVEYICTQQNILFMLLKGYESPEIALNCGIMLRECIRHEPLAKIILWSEQFYDFFRYVEMSTFDIASDAFATFKDLLTRHKLLSAEFLEQHYDRFFSEYEKLLHSENYVTKRQSLKLLGELLLDRHNFTIMTKYISKPENLKLMMNLLRDKSRNIQFEAFHVFKVFVANPNKTQPILDILLKNQAKLIEFLSKFQNDRTEDEQFNDEKTYLVKQIRDLK",331,"polypeptide(L)",38.665
,"2","B","B","UniProt","O00506","QAMAHLRGFANQHSRVDPEELFTKLDRIGKGSFGEVYKGIDNHTKEVVAIKIIDLEEAEDEIEDIQQEITVLSQCDSPYITRYFGSYLKSTKLWIIMEYLGGGSALDLLKPGPLEETYIATILREILKGLDYLHSERKIHRDIKAANVLLSEQGDVKLAAFGVAGQLTDTQIKRNTFVGTPFWMAPEVIKQSAYDFKADIWSLGITAIELAKGEPPNSDLHPMRVLFLIPKNSPPTLEGQHSKPFKEFVEACLNKDPRFRPTAKELLKHKFITRYTKKTSFLTELIDRYKRWKSE",295,"polypeptide(L)",33.705
"4O27","2","B","B","UniProt","Q9Y6E0","MADPEELFTKLEKIGKGSFGEVFKGIDNRTQKVVAIKIIDLEEAEDEIEDIQQEITVLSQCDSPYVTKYYGSYLKDTKLWIIMEYLGGGSALDLLEPGPLDETQIATILREILKGLDYLHSEKKIHRDIKAANVLLSEHGEVKLADFGVAGQLTDTQIKRNEFVGTPFWMAPEVIKQSAYDSKADIWSLGITAIELARGEPPHSELHPMKVLFLIPKNNPPTLEGNYSKPLKEFVEACLNKEPSFRPTAKELLKHKFILRNAKKTSYLTELIDRYKRWKAE",281,"polypeptide(L)",31.966
,"3","C","C","UniProt","Q9Y6E0","DWIFE",5,"polypeptide(L)",0.709
,"1","A","A","UniProt","Q9Y376","MASPADIVKNLKESMAVLEKQDISDKKAEKATEEVSKNLVAMKEILYGTNEKEPQTEAVAQLAQELYNSGLLSTLVADLQLIDFEGKKDVAQIFNNILRRQIGTRTPTVEYICTQQNILFMLLKGYESPEIALNCGIMLRECIRHEPLAKIILWSEQFYDFFRYVEMSTFDIASDAFATFKDLLTRHKLLSAEFLEQHYDRFFSEYEKLLHSENYVTKRQSLKLLGELLLDRHNFTIMTKYISKPENLKLMMNLLRDKSRNIQFEAFHVFKVFVANPNKTQPILDILLKNQAKLIEFLSKFQNDRTEDEQFNDEKTYLVKQIRDL",325,"polypeptide(L)",38.054
"4OFY","1","A, B, C","A, B, C","UniProt","B1Q236","ADPQQLQQRIVEAPKDTLAAVGETAILTCRVEHQQGPVQWMKDDFGLGTDRDKPLPGNKRYRMVGSAANGEYNLEISNVTLFDDDDFACQISESDHAKAVVSSKAKLTVLVRPTPPKIVKSHHSLKAIAGDPITQSCLSRKGKPPPTIGWAIASDEHGKHIVSWLGESRSKFGGIHAKPEISQETVIAHVNETTQVEEGGNNSREDSSIYSIMSNLSFIPRPEDDHKYLICISQHMTFPNKIEVDSVKLSLRYAPQHHHHHH",262,"polypeptide(L)",29.086
,"2","D, E, F","D, E, F","UniProt","Q9U3P2","ADPFFLESPSNLSTIAGESITFRCSAEKSPEPIVYSQWKSNTGSLLGYHQEGILPGHQGRFSYIKQNAEELHLKITHVNLDDDGEYECQMLHPEEGPIRAKSFLNIIVPPQLVYFSNYQPNSIIAVKENTPLNITCVVPNVKPEPEVLWYMDGKVMSRDVKQASTPHLNKTFTVYTSLVVQSDRNDHGKVITCEAFQKETDIRITTNTTLDVLFPPSDPTVEILRNPSALRSGDNVTIACSVTGGNPPPDVFWYHENKRLQSHSTLDTRSKEIKNIYSFIASQNDNMAEYECRANNSRTGNPKRKAMKLEVNYPPASVELFGESNIRYGSSANIQCKSLPSNPASQITWIINGRSVPTPTQREFVVENGIVSSSCVSVHSNELSVEAHQINVECMATNPEGSSAKQHVIKIIAPHHHHHH",420,"polypeptide(L)",46.913
"4OZG","1","A, C","A, C","UniProt","P01909","EDIVADHVASYGVNLYQSYGPSGQYTHEFDGDEQFYVDLGRKETVWCLPVLRQFRFDPQFALTNIAVLKHNLNSLIKRSNSTAATNEVPEVTVFSKSPVTLGQPNILICLVDNIFPPVVNITWLSNGHSVTEGVSETSFLSKSDHSFFKISYLTLLPSAEESYDCKVEHWGLDKPLLKHWEPETSGDDDDK",191,"polypeptide(L)",21.518
,"2","B, D","B, D","UniProt","Q5Y7D3","GGSIEGRGGSGASRDSPEDFVYQFKGMCYFTNGTERVRLVSRSIYNREEIVRFDSDVGEFRAVTLLGLPAAEYWNSQKDILERKRAAVDRVCRHNYQLELRTTLQRRVEPTVTISPSRTEALNHHNLLVCSVTDFYPAQIKVRWFRNDQEETAGVVSTPLIRNGDWTFQILVMLEMTPQRGDVYTCHVEHPSLQSPITVEWRAQSTGGDDDDK",213,"polypeptide(L)",24.361
,"3","E, G","E, G","UniProt","Q2YD82","MKTTQPPSMDCAEGRAANLPCNHSTISGNEYVYWYRQIHSQGPQYIIHGLKNNETNEMASLIITEDRKSSTLILPHATLRDTAVYYCIVLGGADGLTFGKGTHLIIQPYIQNPDPAVYQLRDSKSSDKSVCLFTDFDSQTNVSQSKDSDVYITDKCVLDMRSMDFKSNSAVAWSNKSDFACANAFNNSIIPEDTFFPSPESS",202,"polypeptide(L)",22.464
,"4","F, H","F, H","UniProt","P01850","MGVSQSPSNKVTEKGKDVELRCDPISGHTALYWYRQSLGQGLEFLIYFQGNSAPDKSGLPSDRFSAERTGGSVSTLTIQRTQQEDSAVYLCASSFRFTDTQYFGPGTRLTVLEDLKNVFPPEVAVFEPSEAEISHTQKATLVCLATGFYPDHVELSWWVNGKEVHSGVCTDPQPLKEQPALNDSRYALSSRLRVSATFWQNPRNHFRCQVQFYGLSENDEWTQDRAKPVTQIVSAEAWGRAD",242,"polypeptide(L)",27.151
,"5","I, J","I, J","UniProt","P04722","APQPELPYPQPGS",13,"polypeptide(L)",1.381
"4P23","1","A","A",,,"QVRQSPQSLTVWEGETAILNCSYENSAFDYFPWYQQFPGEGPALLIAIRSVSDKKEDGRFTIFFNKREKKLSLHITDSQPGDSATYFCAASKGADRLTFGKGTQLIIQPYIQNPDPAVYQLRDSKSSDKSVCLFTDFDSETNVSESKDSDVYITDKCVLDMRSMDFKSNSAVAWSNKAAFACANAFNNSIIPEDTFFPS",199,"polypeptide(L)",22.312
,"2","B","B",,,"AVTQSPRNKVAVTGGKVTLSCDQTNNHNNMYWYRQDTGHGLRLIHYSYGAGSTEKGDIPDGYKASRPSQEDFSLILELATPSQTSVYFCASGDFWGDTLYFGAGTRLSVLEDLKNVFPPEVAVFEPSEAEISHTQKATLVCLATGFYPDHVELSWWVNGKEVHSGVCTDPQPLKEQPALNDSRYALSSRLRVSATFWQNPRNHFRCQVQFYGLSENDEWTQDRAKPVTQIVSAEAWGRA",239,"polypeptide(L)",26.759
,"3","C","C","UniProt","P14434","IEADHVGTYGISVYQSPGDIGQYTFEFDGDELFYVDLDKKETVWMLPEFGQLASFDPQGGLQNIAVVKHNLGVLTKRSNSTPATNEAPQATVFPKSPVLLGQPNTLICFVDNIFPPVINITWLRNSKSVADGVYETSFFVNRDYSFHKLSYLTFIPSDDDIYDCKVEHWGLEEPVLKHW",179,"polypeptide(L)",20.243
,"4","D","D","UniProt","P14483","FEAQKAKANKAVDGGGGSLVPRGSGGGGSERHFVYQFMGECYFTDGTQRIRYVTRYIYNREEYVRYDSDVGEHRAVTELGRPDAEYWNSQPEILERTRAELDTVCRHNYEGPETHTSLRRLEQPNVVISLSRTEALNHHNTLVCSVTDFYPAKIKVRWFRNGQEETVGVSSTQLIRNGDWTFQVLVMLEMTPRRGEVYTCHVEHPSLKSPITVEWRAQ",218,"polypeptide(L)",25.096
"4P5T","1","A, E","A, E",,,"MQQVRQSPQSLTVWEGETAILNCSYENSAFDYFPWYQQFPGEGPALLIAIRSVSDKKEDGRFTIFFNKREKKLSLHITDSQPGDSATYFCAASRDSGQKLVFGQGTILKVYLHIQNPDPAVYQLRDSKSSDKSVCLFTDFDSQTNVSQSKDSDVYITDKCVLDMRSMDFKSNSAVAWSNKSDFACANAFNNSIIPEDTFFPSPESS",206,"polypeptide(L)",23.184
,"2","B, F","B, F",,,"MAVTQSPRNKVAVTGGKVTLSCNQTNNHNNMYWYRQDTGHGLRLIHYSYGAGSTEKGDIPDGYKASRPSQENFSLILELATPSQTSVYFCASGDFWGDTLYFGAGTRLSVLEDLKNVFPPEVAVFEPSEAEISHTQKATLVCLATGFYPDHVELSWWVNGKEVHSGVCTDPQPLKEQPALNDSRYALSSRLRVSATFWQNPRNHFRCQVQFYGLSENDEWTQDRAKPVTQIVSAEAWGRAD",241,"polypeptide(L)",27.003
,"3","C, G","C, G","UniProt","P14434","IEADHVGTYGISVYQSPGDIGQYTFEFDGDELFYVDLDKKETVWMLPEFGQLASFDPQGGLQNIAVVKHNLGVLTKRSNSTPATNEAPQATVFPKSPVLLGQPNTLICFVDNIFPPVINITWLRNSKSVADGVYETSFFVNRDYSFHKLSYLTFIPSDDDIYDCKVEHWGLEEPVLKHWEPE",182,"polypeptide(L)",20.598
,"4","D, H","D, H","UniProt","P14483","FEAQKAKANKAVDGGGGSLVPRGSGGGGSERHFVYQFMGECYFTNGTQRIRYVTRYIYNREEYVRYDSDVGEHRAVTELGRPDAEYWNSQPEILERTRAELDTVCRHNYEGPETHTSLRRLEQPNVVISLSRTEALNHHNTLVCSVTDFYPAKIKVRWFRNGQEETVGVSSTQLIRNGDWTFQVLVMLEMTPRRGEVYTCHVEHPSLKSPITVEWRA",217,"polypeptide(L)",24.967
"4PWX","1","A, B","A, B","UniProt","Q12154","SVDDLTVEPNLHSLITSTTHKWIFVGGKGGVGKTTSSCSIAIQMALSQPNKQFLLISTVPAHNLSDAFGEKFGKDARKVTGMNNLSCMEIDPSAALKDMNDMAVSRANNNGSDGQGDDLGSLLQGGALADLTGSIPGIDEALSFMEVMKHIKRQEQGEGETFDTVIFDTAPTGHTLRFLQLPNTLSKLLEKFGEITNKLGPMLNSFMGAGNVDISGKLNELKANVETIRQQFTDPDLTTFVCVCISEFLSLYETERLIQELISYDMDVNSIIVNQLLFAENDQEHNCKRCQARWKMQKKYLDQIDELYEDFHVVKMPLCAGEIRGLNNLTKFSQFLNKEYNPITDGKVIYELEDKE",356,"polypeptide(L)",39.548
,"2","C, E","C, E","UniProt","Q12125","MGAKLAKTLQRFENKIKAGDYYEAHQTLRTIANRYVRSKSYEHAIELISQGALSFLKAKQGGSGTDLIFYLLEVYDLAEVKVDDISVARLVRLIAELDPSEPNLKDVITGMNNWSIKFSEYKFGDPYLHNTIGSKLLEGDFVYEAERYFMLGTHDSMIKYVDLLWDWLCQVDDIEDSTVAEFFSRLVFNYLFISNISFAHESKDIFLERFIEKFHPKYEKIDKNGYEIVFFEDYSDLNFLQLLLITCQTADASYFLNLKNHYLDFSQAYKSELEFLGQEYFNENLYFQ",288,"polypeptide(L)",33.806
,"3","D, F","D, F","UniProt","Q12285","MSTSASGPEHEFVSKFLTLATLTEPKLPKSYTKPLKDVTNLGVPLPTLKYKYKQ",54,"polypeptide(L)",6.034
"4RS1","1","A","B","UniProt","P15509","SLNVRFDSRTMQLSWDCQEQTTFSKCFLTDKKNRVVEPRLSNNECSCTFREICLHEGVTFEVHVQTSQRGFQQKLLYPNSGREGTAAQNFSCFIYNADLMNCTWARGPTAPRDVQYFLYIRNSKRRREIRCPYYIQDSGTHVGCHLDNLSGLTSRNYFLVNGTSREIGIQFFDSLLDTKKIERFNPPSNVTVRCNTTHCLVRWKQPRTYQKLSYLDFQYQLDVHRKNTQPGTENLLINVSGDLENRYNFPSSEPRAKHSVKIRAADVRILNWSSWSEAIEF",281,"polypeptide(L)",32.873
,"2","B","A","UniProt","P04141","EHVNAIQEARRLLNLSRDTAAEMNETVEVISEMFDLQEPTCLQTRLELYKQGLRGSLTKLKGPLTMMASHYKQHCPPTPETSCATQIITFESFKENLKDFLLVIPFDCWEPV",112,"polypeptide(L)",12.871
"4U6H","1","A, C","A, C",,,"QVQLQQSGAELVKTGASLRMSCKSSGYTFTRFWMHWIKQSPGQGLEWIGYINPSTGYTEYNQKFKDKATLTADRSSTTAYMQLISLTSGDSAVYYCARSDQTNYLFPYWGQGTLVTVSAAKTTAPSVYPLAPVCGDTTGSSVTLGCLVKGYFPEPVTLTWNSGSLSSGVHTFPAVLQSDLYTLSSSVTVTSSTWPSQSITCNVAHPASSTKVDKKIEPR",219,"polypeptide(L)",23.758
,"2","B, D","B, D",,,"DVVMTQIPLSLPVSLGDQASISCRSSQSLVHSNGNTYLHWSLQKPGQSPNLLIYKVSNRFSGVPDRFSGSGSGTDFTLKISRVEAEDLGVYFCSQSTHDPWTFGGGTKLEIKRADAAPTVSIFPPSSEQLTSGGASVVCFLNNFYPKDINVKWKIDGSERQNGVLNSWTDQDSKDSTYSMSSTLTLTKDEYERHNSYTCEATHKTSTSPIVKSFNRNEC",219,"polypeptide(L)",24.106
,"3","E, F","E, J","UniProt","P07612","MGAAASIQTTVNTLSERISSKLEQEANASAQTKCDIEIGNFYIRQNHGCNLTVKNMCSADADAQLDAVLSAATETYSGLTPEQKAYVPAMFTAALNIQTSVNTVVRDFENYVKQTCNSSAVVDNKLKIQNVIIDECYGAPGSPTNLEFINTGSSKGNCAIKALMQLTTKATTQIAPKQVAGTGV",184,"polypeptide(L)",19.536
"4X4M","1","A, B, C, D","A, B, C, D","UniProt","P01857","CPAPELLGGPSVFLFPPKPKDTLMISRTPEVTCVVVDVSHEDPEVKFNWYVDGVEVHNAKTKPREEQYNSTYRVVSVLTVLHQDWLNGKEYKCKVSNKALPAPIEKTISKAKGQPREPQVYTLPPSRDELTKNQVSLTCLVKGFYPSDIAVEWESNGQPENNYKTTPPVLDSDGSFFLYSKLTVDKSRWQQGNVFSCSVMHEALHNHYTQKSLSLSPGK",219,"polypeptide(L)",24.699
,"2","E, F","E, F","UniProt","P12314","KAVIKLQPPWVSVFQEESVTLHCEVPHLPGSSSTQWFLNGTAIQTSTPTYHITSASEDDSGEYRCQRGLSGRSDPIQLEVHRGWLLLQVSSRVLTEGEPLALRCHAWKDKLVYNVLYYRNGKAFKFFHWNSNLTILKTNMSHSGTYHCSGMGKHRYTSAGISVTVKELFPAPVLTASVTSPLLEGTPVTLSCETKLLLQRPGLQLYFSFYMGSKTLRGRDTSSEYQILTARREDSGLYWCEAATEDGNVLKRSPELELQVLGHQQPTPVHHHHHH",275,"polypeptide(L)",31.014
"4Y61","1","A","A","UniProt","Q64487","ETPPRFTRTPVDQTGVSGGVASFICQATGDPRPKIVWNKKGKKVSNQRFEVIEFDDGSGSVLRIQPLRTPRDEAIYECVASNNVGEISVSTRLTVLREDQIPRGFPTIDMGPQLKVVERTRTATMLCAASGNPDPEITWFKDFLPVDTSNNNGRIKQLRSESIGGTPIRGALQIEQSEESDQGKYECVATNSAGTRYSAPANLYVRELREVRRVPPRFSIPPTNHEIMPGGSVNITCVAVGSPMPYVKWMLGAEDLTPEDDMPIGRNVLELNDVRQSANYTCVAMSTLGVIEAIAQITVKALPKPPGTPVVTESTATSITLTWDSGNPEPVSYYIIQHKPKNSEEPYKEIDGIATTRYSVAGLSPYSDYEFRVVAVNNIGRGPASEPVLTQKHHHHHH",398,"polypeptide(L)",43.772
,"2","B","B","UniProt","Q810C0","MLSGVWFLSVLTVAGILQTESRKTAKDICKIRCLCEEKENVLNINCENKGFTTVSLLQPPQYRIYQLFLNGNLLTRLYPNEFVNYSNAVTLHLGNNGLQEIRPGAFSGLKTLKRLHLNNNKLEVLREDTFLGLESLEYLQADYNYISTIEAGAFSKLNKLKVLILNDNLLLSLPSNVFRFVLLTHLDLRGNRLKVMPFAGVLEHIGGIMEIQLEENPWNCTCDLLPLKAWLDTITVFVGEIVCETPFRLHGKDVTQLTRQDLCPRKHHHHHH",272,"polypeptide(L)",31.129
"4YFD","1","A","B","UniProt","Q61730","SERCDDWGLDTMRQIQVFEDEPARIKCPLFEHFLKYNYSTAHSSGLTLIWYWTRQDRDLEEPINFRLPENRISKEKDVLWFRPTLLNDTGNYTCMLRNTTYCSKVAFPLEVVQKDSCFNSAMRFPVHKMYIEHGIHKITCPNVDGYFPSSVKPSVTWYKGCTEIVDFHNVLPEGMNLSFFIPLVSNNGNYTCVVTYPENGRLFHLTRTVTVKVVGSPKDALPPQIYSPNDRVVYEKEPGEELVIPCKVYFSFIMDSHNEVWWTIDGKKPDDVTVDITINESVSYSSTEDETRTQILSIKKVTPEDLRRNYVCHARNTKGEAEQAAKVKQKVAAHHHHHH",339,"polypeptide(L)",39.369
,"2","B","A","UniProt","Q64487","ETPPRFTRTPVDQTGVSGGVASFICQATGDPRPKIVWNKKGKKVSNQRFEVIEFDDGSGSVLRIQPLRTPRDEAIYECVASNNVGEISVSTRLTVLREDQIPRGFPTIDMGPQLKVVERTRTATMLCAASGNPDPEITWFKDFLPVDTSNNNGRIKQLRSESIGGTPIRGALQIEQSEESDQGKYECVATNSAGTRYSAPANLYVRELREVRRVPPRFSIPPTNHEIMPGGSVNITCVAVGSPMPYVKWMLGAEDLTPEDDMPIGRNVLELNDVRQSANYTCVAMSTLGVIEAIAQITVKALPKPPGTPVVTESTATSITLTWDSGNPEPVSYYIIQHKPKNSEEPYKEIDGIATTRYSVAGLSPYSDYEFRVVAVNNIGRGPASEPVLTQTSEQAPSSAPRDVQARMLSSTTILVQWKEPEEPNGQIQGYRVYYTMDPTQHVNNWMKHNVADSQITTIGNLVPQKTYSVKVLAFTSIGDGPLSSDIQVIT",491,"polypeptide(L)",53.912
"4ZS6","1","A, D","D, L",,,"AIRMTQSPSFLSASVGDRVTITCRASQDINSFLAWYQQRPGKAPKLLIYGASNLETGVPSRFSGGGSGTDFTLTISSLQPEDIATYYCQQYDKLPTFGQGTRLEIKRTVAAPSVFIFPPSDEQLKSGTASVVCLLNNFYPREAKVQWKVDNALQSGNSQESVTEQDSKDSTYSLSSTLTLSKADYEKHKVYACEVTHQGLSSPVTKSFNRGEC",213,"polypeptide(L)",23.344
,"2","B, E","C, H",,,"EVQLLETGGGLVKPGGSLRLSCAASGFSLSDYYMNWIRQAPGKGLEWVAYISSSSGYTNYGDSVKGRFTISRDHAKNSLYLQMNSLRVEDTAVYYCVRDRDDFWSGYYKHWGLGTLVTVSSASTKGPSVFPLAPSSKSTSGGTAALGCLVKDYFPEPVTVSWNSGALTSGVHTFPAVLQSSGLYSLSSVVTVPSSSLGTQTYICNVNHKPSNTKVDKKVEPKSCDKT",227,"polypeptide(L)",24.412
,"3","C, F","A, B","UniProt","W6A0A7","EAKPSGSVVEQAEGVECDFSPLLSGTPPQVYNFKRLVFTNCNYNLTKLLSLFSVNDFTCSQISPAAIASNCYSSLILDYFSYPLSMKSDLSVSSAGPISQFNYKQSFSNPTCLILATVPHNLTTITKPLKYSYINKCSRLLSDDRTEVPQLVNANQYSPCVSIVPSTVWEDGDYYRKQLSPLEGGGWLVASGSTVAMTEQLQMGFGITVQYGTDTNSVCPKLEHHHHHH",229,"polypeptide(L)",25.258
"5C6T","1","A","A","UniProt","P13201","MESRIWCLVVCVNLCIVCLGAAVSTKYPYRVCSMAQGTDLIRFERNIVCTSMKPINEDLDEGIMVVYKRNIVAHTFKVRVYQKVLTFRRSYAYHRTTYLLGSNTEYVAPPMWEIHHINSHSQCYSSYSRVIAGTVFVAYHRDSYENKTMQLMPDDYSNTHSTRYVTVKDQWHSRGSTNLTRETSNLNCMVTITTARSKYPYHFFATSTGDVVDISPFYNGTNRNASYFGENADKFFIFPNYTIVSDFGRPNSALETHRLVAFLERADSVISWDIQDEKNVTCQLTFWEASERTIRSEAEDSYHFSSAKMTATFLSKKQEVNMSDSALDCVRDEAINKLQQIFNTSYNQTYEKYGNVSVFETTGGLVVFWQGIKQKSLVELERLANRSSLNLTHNSTKSSTDGNNATHLSNMESVHNLVYAQLQFTYDTLRGYINRALAQIAEAWCVDQRRTLEVFKELSKINPSAILSAIYNKPIAARFMGDVLGLASCVTINQTSVKVLRDMNVKESPGRCYSRPVVIFNFANSSYVQYGQLGEDNEILLGNHRTEECQLPSLKIFIAGNSAYEYVDYLFKRMIDLSSISTVDSMIALDIDPLENTDFRVLELYSQKELRSSNVFDLEEIMREFNSYKQRVKYVE",636,"polypeptide(L)",73.034
,"2","B","H",,,"QLQLQESGPGLVKPSETLSLTCTVSGASIDRSTYYWGWIRQPPGKGLEWIANIYYNGRAVYSPSLKSRVTISVDTSKNQFSLKVRSLTAADTAVYYCATRWNYFFDFDYWGRGTLVTVSSASTKGPSVFPLAPSSKSTSGGTAALGCLVKDYFPEPVTVSWNSGALTSGVHTFPAVLQSSGLYSLSSVVTVPSSSLGTQTYICNVNHKPSNTKVDKRVEPKSCDKGSENLYFQ",233,"polypeptide(L)",25.302
,"3","C","L",,,"QSVLTQPPSASGTPGQRVTISCSGSSSNIETNYVSWYQQFPGTAPKLLIYRNNQRPSGVPDRFSGSKSGTSASLAISGLRSEDEAEYYCGTWDDNSWVFGGGTKLTVLGQPKAAPSVTLFPPSSEELQANKATLVCLISDFYPGAVTVAWKADSSPVKAGVETTTPSKQSNNKYAASSYLSLTPEQWKSHRSYSCQVTHEGSTVEKTVAPTECS",214,"polypeptide(L)",22.853
"5CXB","1","A","A","UniProt","G0SFB5","MAHHHHHHSSGLEVLFQGPMDAPMEDAPAPVAQVKVIFTTTEPDLELPESKRQLLVPADIRRYGLSRILNSESMLDTGSIPFDFLINGSFLRSSLEDYLTSNGLSLETTLTLQYVRSLIPPVYEASFEHDDWVSAVDVLSATSPAGRWSSAANSSAAVQPGQERVLSASYDGLLRIWNASGSVIATSPSGSHGGHTASIKAAKFLTSDRLASAGMDRTVRVWKYTESDHFTGELKPTLELYGHTGSVDWLDVDGHSKHILTASADGAIGFWSASKASAPEPDASLLPGAHVSKRRKATSSVSTAQRGPLGLWSIHTAPATAAIFDPRDRTVAYSASQDHTVRTLDLTTGQVVSTLTLTHPLLSLSALTRAGTTSPLLAAGTSARHITMVDPRASSATTSVMTLRGHANKVVSLSPSPENEYSLVSGSHDGTCRVWDLRSVRPATKEEGSLGGVSEPVYVIERESWASKGKKKRPVAGDGCKVFSVVWDKLGIFSGGEDKKVQVNRGRNIVTEQK",514,"polypeptide(L)",55.15
,"2","B","B","UniProt","G0SCK6","PSPDELKPFPTVQQTIFRGHEGRVRSVAIDPTGVALATGGDDGTVRVWELLTGRQVWSVKLNGDEAVNTVRWRPTKDTFILAAAAGEDIFLMIPTHPSVTPALDQASRDILNAGFGHATNGKQQANLPPGKEPPGKWARPGTRLEDEGVLLRITVRSTIKAISWHRRGDHFATVSPSGQRSSVAIHTLSKHLTQIPFRKLNGLAQTASFHPLRPLFFVATQRSIRCYDLQKLELVKIVQPGAKWISSFDVHPGGDNLVVGSYDKRLLWHDLDLSNRPYKTMRFHTEAIRAVRFHKGGLPLFADASDDGSLQIFHGKVPNDQLENPTIVPVKMLKGHKVVNKLGVLDIDWHPREPWCVSAGADGTARLWM",369,"polypeptide(L)",40.92
"5E6P","1","A","A","UniProt","B2RXS4","GPHMRKSQQAEREYEKIKSQLEGLEESVRDRCKKEFTDLMIEMEDQTNDVHEAGIPTLDYKTYTDRVFFLPSKDGDKDVMITGKLDIPESRRPIVEQALYQFSNLLNSKSFLINFIHTLENQREFSARAKVYFASLLTVALHGKLEYYTDIMRTLFLELMEQYVVAKNPKLMLRRSETVVERMLSNWMSICLYQYLKDSAGEPLYKLFKAIKHQVEKGPVDAVQKKAKYTLNDTGLLGDDVEYAPLTVSVIVQDEGIDAIPVKVLNCDTISQVKEKIIDQVYRTQPCSCWPKPDSVVLEWRPGSTAQILSDLDLTSQREGRWKRINTLMHYNVRDGATLILSKVGVSQQPEDSQQDLPGERHALLEEENRVWHLVRPTDEVDEGKSKRGSMKEKERTKAITEIYLTRLLSVKGTLQQFVDNFFQSVLAPGHAVPPAVKYFFDFLDEQAEKHDIRDEDTIHIWKTNSLPLRFWVNILKNPHFIFDVHVHEVVDASLSVIAQTFMDACTRTEHKLSRDSPSNKLLYAKEISTYKKMVEDYYKGIRQMVQVSDQDMNTHLAEISRAHTDSLNTLVALHQLYQYTQKYYDEIINALEEDPAAQKMQLAFRLQQIAAALENKVTDL",621,"polypeptide(L)",71.869
,"2","B","B","UniProt","O15085","GPHMGLVQRCVIIQKDQHGFGFTVSGDRIVLVQSVRPGGAAMKAGVKEGDRIIKVNGTMVTNSSHLEVVKLIKSGAYVALTLLGSSPS",88,"polypeptide(L)",9.228
"5F4E","1","A","A","UniProt","Q8IYV9","CVICDPSVVLALKSLEKDYLPGHLDAKHHKAMMERVENAVKDFQELSLNEDAYMGVVDEATLQKGSWSLLKDLKRITDSDVKGDLFVKELFWMLHLQKETFATYVARFQKEAYCPNKCGVMLQTLIWCKNCKKEVHACRKSYDCGERNVEVPQMEDMILDCELNWHQASEGLTDYSFYRVWGNNTETLVSKGKEATLTKPMVGPEDAGSYRCELGSVNSSPATIINFHVTVLPGRAVPR",239,"polypeptide(L)",27.139
,"2","B","B","UniProt","A6ND01","GDELLNICMNAKHHKRVPSPEDKLYEECIPWKDNACCTLTTSWEAHLDVSPLYNFSLFHCGLLMPGCRKHFIQAICFYECSPNLGPWIQPVGSLGWEVAPSGQGERVVNVPLCQEDCEEWWEDCRMSYTCKSNWRGGWDWSQGKNRCPKGAQCLPFSHYFPTPADLCEKTWSNSFKASPERRNSGRCLQKWFEPAQGNPNVAVARLFASGRLVPR",215,"polypeptide(L)",24.576
"5K39","1","A","A","UniProt","Q06853","MASAHIALELDKTKVKVGDVIVATVKAKNMTSMAGIQVNIKYDPEVLQAIDPATGKPFTKETLLVDPELLSNREYNPLLTAVNDINSGIINYASCYVYWDSYRESGVSESTGIIGKVGFKVLKAANTTVKLEETRFTPNSIDGTLVIDWYGQQIVGYKVIQPDLEHHHHHH",171,"polypeptide(L)",18.948
,"2","B","B","UniProt","A3DGE8","MNNDSTDKTTVSGYISVDFDYPPESESKIKSGFNVKVAGTELSTKTDEKGYFEISGIPGDMREFTLEISKRNYLKRNVTVNGTGKLVVSTEDNPLILWAGDVERKGVQDNAINMVDVMEISKVFGTRAGDEEYVAELDLNMDGAINLFDIAIVIRHFNALPSRY",164,"polypeptide(L)",18.245
"5M2O","2","B","B",,,"MGSSHHHHHHSSGLVPRGSHMASVQKFPGDANCDGIVDISDAVLIMQTMANPSKYQMTDKGRINADVTGNSDGVTVLDAQFIQSYCLGLVELPPVE",96,"polypeptide(L)",10.284
,"1","A","A","UniProt","A0AEF4","MPVANADVVFDFQNYTAKAGDEVTVDVLVDSKNKPISAMDVKFKVDSPLTIEEIDKESLAFNTTVMTNMAILGANFKSLDDKGEPLVPKDGAAVFTLYVNVPANTPDGTYYVGFNGKNEVHKSNDGSQFTVASKNGAITVGTPNEEGLE",149,"polypeptide(L)",15.953
"5TAR","1","A","A","UniProt","P01116","GTEYKLVVVGAGGVGKSALTIQLIQNHFVDEYDPTIEDSYRKQVVIDGETCLLDILDTAGQEEYSAMRDQYMRTGEGFLCVFAINNTKSFEDIHHYREQIKRVKDSEDVPMVLVGNKCDLPSRTVDTKQAQDLARSYGIPFIETSAKTRQGVDDAFYTLVREIRKHKEKMSKDGKKKKKKSKTKC",185,"polypeptide(L)",21.056
,"2","B","B","UniProt","O43924","AKDERAREILRGFKLNWMNLRDAETGKILWQGTEDLSVPGVEHEARVPKKILKCKAVSRELNFSSTEQMEKFRLEQKVYFKGQCLEEWFFEFGFVIPNSTNTWQSLIEAAPESQMMPASVLTGNVIIETKFFDDDLLVSTSRVRLFYV",148,"polypeptide(L)",17.223
"5XCO","1","A","A","UniProt","P01116","GSMTEYKLVVVGADGVGKSALTIQLIQNHFVDEYDPTIEDSYRKQVVIDGETCLLDILDTAGQEEYSAMRDQYMRTGEGFLCVFAINNTKSFEDIHHYREQIKRVKDSEDVPMVLVGNKCDLPSRTVDTKQAQDLARSYGIPFIETSAKTRQGVDDAFYTLVREIRKHKEK",171,"polypeptide(L)",19.474
,"2","B","B",,,"XRRRRCPLYISYDPVCRRRRX",21,"polypeptide(L)",2.554
